CODICE_FARMACIA;DESCRIZIONE_FARMACIA;TIPOLOGIA;PARTITA_IVA;INDIRIZZO;COMUNE;FRAZIONE;PROVINCIA;CODICE_ISTAT;PRECISIONE_LOCATION;CAP;MUNICIPIO;ID_NIL;NIL;LONGITUDINE;LATITUDINE;LOCATION
2929;CORSICO;Ordinaria;11650210153;CORSO LODI, 19;MILANO;;MI;15146;alta;20135;4;27;PTA ROMANA;9.20629833;45.44983894;POINT (9.20629833 45.44983894000001)
2882;RAVIZZA SAS DELLA DR.SSA ALESSANDRA PEVIANI E C.;Ordinaria;06578900968;VIA MARGHERA, 18;MILANO;;MI;15146;alta;20149;7;58;DE ANGELI - MONTE ROSA;9.1530255;45.4672308;POINT (9.153025500000002 45.4672308)
2897;FARMACIA MODIANO CLARA S.A.S. DEL DR. PAGLIANO MAURIZIO MARIA & C.;Ordinaria;10543370968;PIAZZA CARLO STUPARICH, 4;MILANO;;MI;15146;alta;20148;8;58;DE ANGELI - MONTE ROSA;9.14379615;45.48273319;POINT (9.14379615 45.482733190000005)
2971;FARMACIA S. CHIARA DEL DOTT. COLOMBO LEONI;Ordinaria;12898500157;VIA CRESCENZAGO, 36;MILANO;;MI;15146;alta;20134;3;18;CIMIANO - ROTTOLE - Q.RE FELTRE;9.24173121;45.48917029;POINT (9.24173121 45.48917029)
2750;LLOYDSFARMACIA MILANO N. 27;Ordinaria;13195220150;PIAZZA IMPERATORE TITO, 8;MILANO;;MI;15146;alta;20137;4;28;UMBRIA - MOLISE - CALVAIRATE;9.2186087;45.45452169;POINT (9.2186087 45.45452169)
2728;MUNICIPALE N.28;Ordinaria;01199250158;VIA TEODOSIO, 104;MILANO;;MI;15146;alta;20131;3;20;LORETO - CASORETTO - NOLO;9.2298643;45.49122074;POINT (9.2298643 45.49122074)
3014;S. ANTONIO SNC;Ordinaria;03861110157;VIA PELLEGRINO ROSSI, 44;MILANO;;MI;15146;alta;20161;9;80;AFFORI;9.1760357;45.51054855;POINT (9.1760357 45.51054855)
2664;DEL MERCATO;Ordinaria;00875580151;VIA VARSAVIA, 4;MILANO;;MI;15146;alta;20137;4;29;ORTOMERCATO;9.22910241;45.45266399;POINT (9.22910241 45.45266399)
2797;MUNICIPALE N.74;Ordinaria;01199250158;PIAZZA MONTE FALTERONA, 3;MILANO;;MI;15146;alta;20148;7;57;SAN SIRO;9.13994548;45.47372728;POINT (9.13994548 45.47372728)
2875;FARMACIA VAI;Ordinaria;10215160150;VIA LODOVICO IL MORO, 163;MILANO;;MI;15146;alta;20147;6;48;RONCHETTO SUL NAVIGLIO - Q.RE LODOVICO IL MORO;9.12966185;45.44107604;POINT (9.12966185 45.44107604)
2642;MARINONI SNC DEL DR. P. BRUNO & C. SNC;Ordinaria;05469080963;CORSO BUENOS AIRES, 55;MILANO;;MI;15146;alta;20124;3;21;BUENOS AIRES - PORTA VENEZIA - PORTA MONFORTE;9.2128119;45.4822496;POINT (9.2128119 45.4822496)
2739;LLOYDSFARMACIA MILANO N. 30;Ordinaria;13195220150;VIA FRANCESCO PIZZOLPASSO, 5;MILANO;;MI;15146;alta;20138;4;33;ROGOREDO - SANTA GIULIA;9.24112824;45.43524524;POINT (9.24112824 45.43524524)
2855;HOLDING FARMACIE SRL;Ordinaria;03955530989;VIALE AURELIO MAGNO CASSIODORO, 12;MILANO;;MI;15146;alta;20145;8;68;PAGANO;9.16002983;45.47453121;POINT (9.16002983 45.47453121)
2669;ORNATO;Ordinaria;06075690153;VIA LUIGI ORNATO, 13/A;MILANO;;MI;15146;alta;20162;9;14;NIGUARDA - CA' GRANDA - PRATO CENTENARO - Q.RE FULVIO TESTI;9.19111131;45.51567697;POINT (9.19111131 45.51567697)
2760;FARMACIA SAINT BON S.R.L.;Ordinaria;08213340964;VIA SIMONE SAINT BON, 2;MILANO;;MI;15146;alta;20147;7;56;FORZE ARMATE;9.12030595;45.46110385;POINT (9.12030595 45.46110385)
2771;PONTE NUOVO;Ordinaria;08598300963;VIA PONTE NUOVO, 40;MILANO;;MI;15146;alta;20128;2;17;ADRIANO;9.23676254;45.50740744;POINT (9.23676254 45.50740744)
2718;MUNICIPALE N.22;Ordinaria;13195220150;VIA FRATELLI ZOIA, 43;MILANO;;MI;15146;alta;20153;7;61;QUARTO CAGNINO;9.10899224;45.47392424;POINT (9.10899224 45.47392424)
2966;IGEA SAS DR. STILO DOMENICO & C.;Ordinaria;07980390962;VIA GUSTAVO MODENA, 25;MILANO;;MI;15146;alta;20129;3;21;BUENOS AIRES - PORTA VENEZIA - PORTA MONFORTE;9.21589715;45.47079967;POINT (9.21589715 45.47079967)
2850;S. MARTINO;Ordinaria;11141010964;VIALE RIMEMBRANZE M LAMBRATE,18;MILANO;;MI;15146;alta;20134;3;23;LAMBRATE - ORTICA;9.24039062;45.48235106;POINT (9.24039062 45.48235106)
2627;VESUVIO DR. BONANDRINI ACHILLE;Ordinaria;13056950150;PIAZZA VESUVIO, 14;MILANO;;MI;15146;alta;20144;7;51;PORTA MAGENTA;9.16004932;45.45917413;POINT (9.16004932 45.45917413)
18371;GIARDINO;Ordinaria;00774640155;VIA CALDERINI,3;MILANO;;MI;15146;alta;20123;1;1;DUOMO;9.17816273;45.46488807;POINT (9.17816273 45.46488807)
3003;FARMACIA RANZONI;Ordinaria;02489000998;VIALE DANIELE RANZONI, 2;MILANO;;MI;15146;alta;20148;7;58;DE ANGELI - MONTE ROSA;9.14610559;45.46725743;POINT (9.14610559 45.46725743)
2961;VITRUVIO SNC;Ordinaria;07514450969;VIA VITRUVIO, 39;MILANO;;MI;15146;alta;20124;3;21;BUENOS AIRES - PORTA VENEZIA - PORTA MONFORTE;9.20668666;45.48238282;POINT (9.20668666 45.48238282)
2982;NUOVA FARMACIA FATEBENEFRATELLI SS DEL DOTTOR ANDREA RIVA;Ordinaria;08965060968;PIAZZALE PRINCIPESSA CLOTILDE, 1;MILANO;;MI;15146;alta;20121;1;2;BRERA;9.19222345;45.47947584;POINT (9.19222345 45.47947584)
2632;FARMACIA PENNAGLIA SAS DELLA DOTT.SSA ANNA MARIA PENNAGLIA;Ordinaria;10579760967;VIA MONTE PALOMBINO, 9;MILANO;;MI;15146;alta;20138;4;33;ROGOREDO - SANTA GIULIA;9.24409918;45.43192245;POINT (9.24409918 45.43192245)
2765;MUNICIPALE N.51;Ordinaria;13195220150;VIA PADOVA, 256(VIAPIERI1);MILANO;;MI;15146;alta;20127;2;19;PADOVA - TURRO - CRESCENZAGO;9.2434418;45.50632129;POINT (9.2434418 45.50632129000001)
2702;MUNICIPALE N.45;Ordinaria;01199250158;VIA DELLE BETULLE, 36/C;MILANO;;MI;15146;alta;20152;7;55;BAGGIO - Q.RE DEGLI OLMI - Q.RE VALSESIA;9.07852875;45.45444726;POINT (9.07852875 45.45444726)
2829;SOLARI;Ordinaria;07796270960;VIA ANDREA SOLARI, 40;MILANO;;MI;15146;alta;20144;6;50;PORTA GENOVA;9.16019005;45.45438365;POINT (9.16019005 45.45438365)
2865;FORLANINI;Ordinaria;09833270151;VIALE ENRICO FORLANINI, 50/5;MILANO;;MI;15146;alta;20138;4;30;TALIEDO - MORSENCHIO - Q.RE FORLANINI;9.24445545;45.46193904;POINT (9.24445545 45.46193904)
2997;S. PAOLO SAS;Ordinaria;13367530154;VIA PORDENONE, 1;MILANO;;MI;15146;alta;20132;3;18;CIMIANO - ROTTOLE - Q.RE FELTRE;9.23416595;45.4900071;POINT (9.23416595 45.4900071)
2600;FARMACIA WAGNER DI DR. MANCINI GABRIO E C. S.A.S.;Ordinaria;08844420961;VIA MICHELANGELO BUONARROTI, 5;MILANO;;MI;15146;alta;20145;7;68;PAGANO;9.15525425;45.46782718;POINT (9.15525425 45.46782718000001)
2733;MUNICIPALE N.24;Ordinaria;01199250158;VIA MARIO MORGANTINI, 14;MILANO;;MI;15146;alta;20148;7;57;SAN SIRO;9.1338671;45.46979059;POINT (9.1338671 45.46979059)
2637;PIAVE;Ordinaria;03955010156;VIA FELICE BELLOTTI, 1;MILANO;;MI;15146;alta;20129;3;21;BUENOS AIRES - PORTA VENEZIA - PORTA MONFORTE;9.20683314;45.470704;POINT (9.20683314 45.470704)
2986;FARMACIA CASTELLI S.N.C. DOTT.SSE GIORGIA PAVAN E DALILA PEDRETTI;Ordinaria;10151100962;PIAZZA POMPEO CASTELLI, 14;MILANO;;MI;15146;alta;20156;8;71;VILLAPIZZONE - CAGNOLA - BOLDINASCO;9.15119109;45.4995408;POINT (9.15119109 45.4995408)
2696;MANELLI DI MANELLI MARIA LUISA;Ordinaria;02208060182;VIA GUGLIELMO SILVA, 39;MILANO;;MI;15146;alta;20149;8;58;DE ANGELI - MONTE ROSA;9.14721503;45.4784877;POINT (9.14721503 45.4784877)
2870;HIPPO 80 FARMA SRL;Ordinaria;11261800962;VIA ALESSANDRO STRADELLA, 1;MILANO;;MI;15146;alta;20129;3;21;BUENOS AIRES - PORTA VENEZIA - PORTA MONFORTE;9.21479206;45.47804886;POINT (9.21479206 45.47804886)
2724;LLOYDSFARMACIA MILANO N. 26;Ordinaria;13195220150;VIA CESARE PASCARELLA, 22;MILANO;;MI;15146;alta;20157;8;76;QUARTO OGGIARO - VIALBA - MUSOCCO;9.14311699;45.51667615;POINT (9.14311699 45.51667615)
2835;DEL CARMINE;Ordinaria;04394790879;VIA MERCATO, 1;MILANO;;MI;15146;alta;20121;1;2;BRERA;9.18442854;45.47077851;POINT (9.18442854 45.47077851)
2793;MUNICIPALE N.72;Ordinaria;01199250158;VIA DOMENICO CUCCHIARI, 15;MILANO;;MI;15146;alta;20155;8;70;GHISOLFA;9.16598974;45.48910963;POINT (9.16598974 45.48910963000001)
2887;LORETO SNC DEL DR. GRECO ANTONIO MARIA & C.;Ordinaria;10703870153;PIAZZALE LORETO, 7;MILANO;;MI;15146;alta;20131;2;20;LORETO - CASORETTO - NOLO;9.21617383;45.48633255;POINT (9.21617383 45.48633255)
2820;LORENTEGGIO SNC;Ordinaria;13457600156;VIA LORENTEGGIO, 208;MILANO;;MI;15146;alta;20147;6;53;LORENTEGGIO;9.12665213;45.44695319;POINT (9.12665213 45.44695319)
2902;S. CELSO;Ordinaria;10992670157;VIA CROCEFISSO, 1;MILANO;;MI;15146;alta;20122;1;1;DUOMO;9.18747951;45.4570053;POINT (9.18747951 45.4570053)
2622;COOP.FARM.COLOMBO;Ordinaria;00774640155;CORSO COLOMBO,1;MILANO;;MI;15146;alta;20144;6;44;PORTA TICINESE - CONCHETTA;9.17268484;45.45528625;POINT (9.17268484 45.45528625)
2914;METALLA SNC;Ordinaria;11017670156;VIALE UMBRIA, 19;MILANO;;MI;15146;alta;20135;4;27;PTA ROMANA;9.21167163;45.44950669;POINT (9.211671630000001 45.44950669)
2782;MONTEGANI SNC;Ordinaria;05133410968;VIA ANTON GIULIO BARRILI, 20;MILANO;;MI;15146;alta;20141;5;42;STADERA - CHIESA ROSSA - Q.RE TORRETTA - CONCA FALLATA;9.17776568;45.43395644;POINT (9.17776568 45.43395644)
3018;MAC MAHON;Ordinaria;11028410964;VIA PRINCIPE EUGENIO, 19;MILANO;;MI;15146;alta;20155;8;70;GHISOLFA;9.16400375;45.48945544;POINT (9.16400375 45.48945544)
2654;PONTE VITTORIA SNC DR.SSA LOJERCIO ORIETTA & C.;Ordinaria;04900610967;VIA UBERTO VISCONTI DI MODRONE, 1;MILANO;;MI;15146;alta;20122;1;4;GUASTALLA;9.19896714;45.46335709;POINT (9.19896714 45.46335709)
2756;INSUBRIA SNC;Ordinaria;06805380968;PIAZZA INSUBRIA, 11;MILANO;;MI;15146;alta;20137;4;28;UMBRIA - MOLISE - CALVAIRATE;9.22065904;45.4523817;POINT (9.22065904 45.4523817)
2803;MUNICIPALE N.77;Ordinaria;13195220150;VIA NICOLA ANTONIO PORPORA, 169;MILANO;;MI;15146;alta;20131;3;22;CITTA' STUDI;9.23308575;45.48609994;POINT (9.23308575 45.48609994000001)
2686;GABBIANI DE VECCHI ENEA;Ordinaria;04127060962;VIA DELLA MOSCOVA, 22;MILANO;;MI;15146;alta;20121;1;2;BRERA;9.19210606;45.47630141;POINT (9.19210606 45.47630141)
2951;BARONA SAS;Ordinaria;09270110969;PIAZZA GUGLIELMO MIANI, 3;MILANO;;MI;15146;alta;20143;6;45;MONCUCCO - SAN CRISTOFORO;9.15503214;45.43760683;POINT (9.15503214 45.43760683)
3001;RAVIOLA ELISA;Ordinaria;03227950965;VIA SAVERIO ALTAMURA, 20;MILANO;;MI;15146;alta;20148;7;57;SAN SIRO;9.14002029;45.46995509;POINT (9.14002029 45.46995509)
2605;CALATAFIMI SAS DR. ZANETTI ANDREA & C.;Ordinaria;05707780960;PIAZZALE DI PORTA LODOVICA, 2;MILANO;;MI;15146;alta;20136;5;6;PORTA TICINESE - CONCA DEL NAVIGLIO;9.1859879;45.45225149;POINT (9.1859879 45.45225149000001)
2919;COMASINA SAS;Ordinaria;06579460962;PIAZZA CARDINALE PIETRO GASPARRI, 9;MILANO;;MI;15146;alta;20161;9;82;COMASINA;9.1612011;45.52624829;POINT (9.1612011 45.52624829)
2946;ROMA SNC;Ordinaria;04087880961;VIA PIACENZA, 24;MILANO;;MI;15146;alta;20135;5;27;PTA ROMANA;9.20579661;45.44943274;POINT (9.20579661 45.44943274)
2926;S. MARIA ALLA FONTANA;Ordinaria;07617700153;VIA GENERALE THAON DI REVEL, 12;MILANO;;MI;15146;alta;20159;9;11;ISOLA;9.18868624;45.49235952;POINT (9.18868624 45.49235952)
2825;DELLA RIPA;Ordinaria;02061270167;RIPA DI PORTA TICINESE, 33;MILANO;;MI;15146;alta;20144;6;44;PORTA TICINESE - CONCHETTA;9.17420291;45.45153943;POINT (9.17420291 45.45153943)
2788;GASTALDI DOTT. CARLO BENZI E C. SNC;Ordinaria;09162190962;VIA CESARE FACCIOLI, 2;MILANO;;MI;15146;alta;20152;7;55;BAGGIO - Q.RE DEGLI OLMI - Q.RE VALSESIA;9.09177959;45.46094567;POINT (9.09177959 45.46094567)
2614;COOP.FARM.CANONICA;Ordinaria;00774640155;VIA LUIGI CANONICA, 6;MILANO;;MI;15146;alta;20154;1;69;SARPI;9.17643137;45.47794002;POINT (9.17643137 45.47794002)
2969;DEL NAVIGLIO SRL;Ordinaria;10878880961;VIALE CARLO TROYA, 11;MILANO;;MI;15146;alta;20144;6;50;PORTA GENOVA;9.15507482;45.4513055;POINT (9.15507482 45.451305500000004)
2847;ZULIANI;Ordinaria;00667400964;VIA SEM BENELLI, 11-ANG.VIAURUGUAY;MILANO;;MI;15146;alta;20151;8;65;Q.RE GALLARATESE - Q.RE SAN LEONARDO - LAMPUGNANO;9.12115109;45.49698793;POINT (9.12115109 45.49698793)
2990;FARMACIA BALBONI S.R.L.;Ordinaria;10581280962;VIA GIOVANNI PEZZOTTI, 61;MILANO;;MI;15146;alta;20141;5;43;TIBALDI;9.18347805;45.43832105;POINT (9.18347805 45.43832105)
2858;TIBALDI SNC DI LAVAGNI PAOLA E DA RIVA LUCA CESARE;Ordinaria;09089540968;VIALE TIBALDI, 15;MILANO;;MI;15146;alta;20136;5;6;PORTA TICINESE - CONCA DEL NAVIGLIO;9.17905797;45.44362795;POINT (9.17905797 45.44362795)
18125;SANTA GIULIA;Ordinaria;01662890670;VIA ROMUALDO BONFADINI, 87;MILANO;;MI;15146;alta;20138;4;30;TALIEDO - MORSENCHIO - Q.RE FORLANINI;9.24426165;45.44462064;POINT (9.24426165 45.444620640000004)
2890;AL PONTE;Ordinaria;02561690138;PIAZZA COSTANTINO, 1;MILANO;;MI;15146;alta;20128;2;17;ADRIANO;9.24764434;45.50976867;POINT (9.24764434 45.50976867)
2824;DELLE QUERCE DEL DOTT. SERGIO SPITALERI & C. SAS;Ordinaria;09065840960;VIA GEROLAMO FORNI, 34;MILANO;;MI;15146;alta;20161;9;82;COMASINA;9.16740097;45.52502089;POINT (9.16740097 45.52502089)
2883;SAN BABILA FARMA S.R.L.;Ordinaria;10393660963;VIA DELLA SPIGA, 2;MILANO;;MI;15146;alta;20121;1;1;DUOMO;9.19888956;45.46842156;POINT (9.19888956 45.46842156)
2873;UMBRIA S.A.S.;Ordinaria;04622770966;VIALE UMBRIA, 109;MILANO;;MI;15146;alta;20135;4;26;XXII MARZO;9.21721173;45.45829436;POINT (9.21721173 45.458294360000004)
2839;CARROBBIO DR.SSA BIGATTI SILVIA;Ordinaria;02434220998;VIA TORINO ANG.STAMPA,14;MILANO;;MI;15146;alta;20123;1;1;DUOMO;9.18721744;45.46287525;POINT (9.187217440000001 45.46287525)
3015;SACCHI SNC DI SACCHI BERTRANDO & NOVARA ALESSANDRO;Ordinaria;03614190969;VIA AUGUSTO ANFOSSI, 9;MILANO;;MI;15146;alta;20135;4;26;XXII MARZO;9.20933519;45.46040317;POINT (9.20933519 45.46040317)
2751;FARMACIA VENEZIA FARMA ACQUISITION S.R.L.;Ordinaria;02489000998;VIA FELICE CASATI, 1/A;MILANO;;MI;15146;alta;20124;3;21;BUENOS AIRES - PORTA VENEZIA - PORTA MONFORTE;9.20751603;45.47694522;POINT (9.20751603 45.47694522)
2618;COOP.FARM.S.AGNESE;Ordinaria;00774640155;GIARDINO ARISTIDE CALDERINI, 3;MILANO;;MI;15146;alta;20123;1;1;DUOMO;9.17816273;45.46488807;POINT (9.17816273 45.46488807)
2691;LA SAPIENZA;Ordinaria;02942570124;VIA GIACOMO ANTONINI, 56;MILANO;;MI;15146;alta;20141;5;38;VIGENTINO - Q.RE FATIMA;9.19600865;45.43717923;POINT (9.19600865 45.43717923)
2939;OLONA SNC;Ordinaria;07639340962;VIALE CONI ZUGNA, 43;MILANO;;MI;15146;alta;20144;1;7;MAGENTA - S. VITTORE;9.16905275;45.457369;POINT (9.16905275 45.457369)
2646;MONTE NERO - DR. CRESPI;Ordinaria;03955000157;VIALE MONTE NERO, 59;MILANO;;MI;15146;alta;20135;1;4;GUASTALLA;9.20706142;45.45978311;POINT (9.20706142 45.45978311)
2707;A.F.M. N. 2;Ordinaria;13195220150;VIA PARENZO, 8;MILANO;;MI;15146;alta;20143;6;48;RONCHETTO SUL NAVIGLIO - Q.RE LODOVICO IL MORO;9.14073027;45.44118029;POINT (9.14073027 45.44118029)
2807;BROLETTO;Ordinaria;08043670960;VIA BROLETTO, 30;MILANO;;MI;15146;alta;20121;1;2;BRERA;9.1856912;45.46751555;POINT (9.185691200000003 45.46751555000001)
2879;SEMPIONE DI GHEZA & C. SNC;Ordinaria;00000002879;CORSO SEMPIONE, 5;MILANO;;MI;15146;alta;20145;1;68;PAGANO;9.17083675;45.47684545;POINT (9.17083675 45.47684545)
2907;BANDI;Ordinaria;05068190965;VIA ROVERETO, 14ANG.VIALEMONZA;MILANO;;MI;15146;alta;20127;2;20;LORETO - CASORETTO - NOLO;9.21943782;45.49491094;POINT (9.21943782 45.49491094)
2958;ANTICA FARMACIA DIANA;Ordinaria;12522980155;PIAZZA GUGLIELMO OBERDAN, 4;MILANO;;MI;15146;alta;20129;3;21;BUENOS AIRES - PORTA VENEZIA - PORTA MONFORTE;9.20658469;45.4741469;POINT (9.20658469 45.4741469)
2674;VIALBA;Ordinaria;01218860151;VIA ARSIA, 152;MILANO;;MI;15146;alta;20157;8;76;QUARTO OGGIARO - VIALBA - MUSOCCO;9.12733975;45.51742637;POINT (9.12733975 45.51742637)
2922;CORDUSIO SNC;Ordinaria;08741670965;VIA CORDUSIO, 2;MILANO;;MI;15146;alta;20123;1;1;DUOMO;9.18573512;45.46490307;POINT (9.18573512 45.46490307)
2659;DELLA CITTADELLA;Ordinaria;02939320152;CORSO DI PORTA TICINESE, 50;MILANO;;MI;15146;alta;20123;1;6;PORTA TICINESE - CONCA DEL NAVIGLIO;9.18082919;45.4567116;POINT (9.18082919 45.4567116)
2792;MUNICIPALE N.71;Ordinaria;01199250158;VIA LUISA BATTISTOTTI SASSI, 24;MILANO;;MI;15146;alta;20133;4;25;CORSICA;9.22776105;45.46428636;POINT (9.22776105 45.46428636)
2975;DEL CORSO DI DE ANSERIS RAFFAELE;Ordinaria;02888880644;CORSO GENOVA, 23;MILANO;;MI;15146;alta;20123;1;7;MAGENTA - S. VITTORE;9.17472491;45.45668978;POINT (9.17472491 45.45668978)
2862;FARMACIA BEATO ANGELICO - S.R.L.;Ordinaria;10146710966;PIAZZA FRANCESCO GUARDI, 15;MILANO;;MI;15146;alta;20133;3;22;CITTA' STUDI;9.22736011;45.47026165;POINT (9.22736011 45.47026165)
3010;PORPORA SAS DI MACCHI ANNALISA & C.;Ordinaria;09151920965;VIA NICOLA ANTONIO PORPORA, 148;MILANO;;MI;15146;alta;20131;3;22;CITTA' STUDI;9.23041874;45.48608287;POINT (9.23041874 45.48608287)
2933;FARMACIA MONTE SANTO S.R.L.;Ordinaria;10561900969;VIALE MONTE SANTO, 12;MILANO;;MI;15146;alta;20121;9;9;PORTA GARIBALDI - PORTA NUOVA;9.19302081;45.48020437;POINT (9.19302081 45.48020437)
2599;PONTE SEVESO;Ordinaria;01533800155;VIA GIOVANNI SCHIAPARELLI, 4;MILANO;;MI;15146;alta;20125;2;10;STAZIONE CENTRALE - PONTE SEVESO;9.20498831;45.48963843;POINT (9.20498831 45.48963843)
2668;FARMACIA DE MARCHI S.R.L.;Ordinaria;11844140969;VIA EMILIO DE MARCHI, 10;MILANO;;MI;15146;alta;20125;2;13;GRECO - SEGNANO;9.20889916;45.50016274;POINT (9.20889916 45.50016274)
2978;SMERALDO SNC;Ordinaria;13057020151;VIALE MONTE GRAPPA, 7;MILANO;;MI;15146;alta;20124;1;2;BRERA;9.18864956;45.48075173;POINT (9.18864956 45.48075173)
2894;S. CAMILLO SNC;Ordinaria;10767360158;PIAZZALE FERDINANDO MARTINI, 3;MILANO;;MI;15146;alta;20137;4;28;UMBRIA - MOLISE - CALVAIRATE;9.22183959;45.45753203;POINT (9.22183959 45.45753203)
2695;HUMANITAS DI TOSELLI GIAMPIERO & C. SNC;Ordinaria;12588160155;VIA MELCHIORRE GIOIA, 43;MILANO;;MI;15146;alta;20124;9;9;PORTA GARIBALDI - PORTA NUOVA;9.19780505;45.48687855;POINT (9.19780505 45.48687855)
2711;MUNICIPALE N.7;Ordinaria;01199250158;VIA DELLE FORZE ARMATE, 328;MILANO;;MI;15146;alta;20152;7;56;FORZE ARMATE;9.09915494;45.45991329;POINT (9.09915494 45.45991329)
2943;FARMACIA RUBATTINO SAS;Ordinaria;10343180963;VIA RICCARDO PITTERI, 93;MILANO;;MI;15146;alta;20134;3;23;LAMBRATE - ORTICA;9.24606445;45.47915445;POINT (9.24606445 45.47915445)
2743;MUNICIPALE N.39;Ordinaria;01199250158;PIAZZA ANITA GARIBALDI, 8;MILANO;;MI;15146;alta;20153;7;55;BAGGIO - Q.RE DEGLI OLMI - Q.RE VALSESIA;9.08762287;45.46333411;POINT (9.08762287 45.46333411)
2843;S. GOTTARDO;Ordinaria;09006400155;VIA PAVIA, 1;MILANO;;MI;15146;alta;20136;5;6;PORTA TICINESE - CONCA DEL NAVIGLIO;9.17930684;45.44733242;POINT (9.17930684 45.44733242)
2610;COMOTTI;Ordinaria;00259480150;PIAZZA CONTE CAMILLO BENSO DI CAVOUR, 5;MILANO;;MI;15146;alta;20121;1;2;BRERA;9.19525895;45.47289679;POINT (9.19525895 45.47289679000001)
2729;MUNICIPALE N.29;Ordinaria;01199250158;VIA MICHELE LESSONA, 55;MILANO;;MI;15146;alta;20157;8;76;QUARTO OGGIARO - VIALBA - MUSOCCO;9.13552122;45.51906902;POINT (9.13552122 45.51906902)
2937;DALMAZIO;Ordinaria;11835020154;VIA LODOVICO IL MORO, 3;MILANO;;MI;15146;alta;20144;6;45;MONCUCCO - SAN CRISTOFORO;9.155388;45.44754679;POINT (9.155388 45.44754679)
2775;MUNICIPALE N.55;Ordinaria;13195220150;VIA CARLO IMBONATI, 61;MILANO;;MI;15146;alta;20159;9;79;DERGANO;9.18085078;45.5036479;POINT (9.18085078 45.5036479)
3007;RONDO' FARINI - MORETTI BARBARA;Ordinaria;03315190961;PIAZZALE CARLO MACIACHINI, 24;MILANO;;MI;15146;alta;20159;9;79;DERGANO;9.1842811;45.49761545;POINT (9.1842811 45.49761545)
16356;MUNICIPALE N.17;Ordinaria;13195220150;VIALE UNGHERIA, 4;MILANO;;MI;15146;alta;20138;4;30;TALIEDO - MORSENCHIO - Q.RE FORLANINI;9.24183545;45.44562036;POINT (9.24183545 45.44562036)
17205;CASTOLDI SAS DR.SSA NATALE ROSALIA & C.;Ordinaria;06197990960;VIA LUIGI PORRO LAMBERTENGHI, 34;MILANO;;MI;15146;alta;20159;9;11;ISOLA;9.18898068;45.48896936;POINT (9.18898068 45.48896936)
2631;FARMACIA PLINIO;Ordinaria;12151280968;VIA CAIO SECONDO PLINIO, 11;MILANO;;MI;15146;alta;20129;3;21;BUENOS AIRES - PORTA VENEZIA - PORTA MONFORTE;9.21274956;45.47909013;POINT (9.212749560000002 45.47909013)
2954;FORMAGGIA SNC DR. TRAVIERSO NICOLA & C.;Ordinaria;05525360961;CORSO BUENOS AIRES, 4;MILANO;;MI;15146;alta;20124;3;21;BUENOS AIRES - PORTA VENEZIA - PORTA MONFORTE;9.20597445;45.47537437;POINT (9.20597445 45.47537437)
2911;BRACCIO SRL;Ordinaria;11015890152;GALLERIA FELICE CASATI,32;MILANO;;MI;15146;alta;20124;2;10;STAZIONE CENTRALE - PONTE SEVESO;9.20138364;45.47975075;POINT (9.20138364 45.47975075)
2905;S. MICHELE;Ordinaria;11006440157;VIALE CONI ZUGNA, 12;MILANO;;MI;15146;alta;20144;1;7;MAGENTA - S. VITTORE;9.16525387;45.45985939;POINT (9.16525387 45.459859390000005)
2993;FARMACIA LEGNANI SRL;Ordinaria;11313560960;VIA GIOVANNI RASORI, 2;MILANO;;MI;15146;alta;20145;7;68;PAGANO;9.16462744;45.46760456;POINT (9.16462744 45.46760456)
2965;EREDI CATALUCCI SNC;Ordinaria;12041830154;RIPA DI PORTA TICINESE, 99;MILANO;;MI;15146;alta;20143;6;44;PORTA TICINESE - CONCHETTA;9.1631235;45.4491897;POINT (9.1631235 45.4491897)
2761;FARMACIA NIGUARDA S.R.L.;Ordinaria;05381520963;VIA MONTE ROTONDO, 1;MILANO;;MI;15146;alta;20162;9;14;NIGUARDA - CA' GRANDA - PRATO CENTENARO - Q.RE FULVIO TESTI;9.19405437;45.51505849;POINT (9.19405437 45.51505849)
2663;BALDINI SNC;Ordinaria;06161300964;CORSO BUENOS AIRES, 39;MILANO;;MI;15146;alta;20124;3;21;BUENOS AIRES - PORTA VENEZIA - PORTA MONFORTE;9.21043382;45.47982488;POINT (9.210433820000002 45.47982488)
2802;ALLEANZA FARMACEUTICA;Ordinaria;02309010151;VIA CESARE CORRENTI, 2;MILANO;;MI;15146;alta;20123;1;1;DUOMO;9.18089038;45.4601215;POINT (9.18089038 45.4601215)
2633;DEL GENTILINO SRL;Ordinaria;06819600963;VIA GIUSEPPE LAGRANGE, 2;MILANO;;MI;15146;alta;20136;5;6;PORTA TICINESE - CONCA DEL NAVIGLIO;9.1796438;45.44883104;POINT (9.1796438 45.44883104)
2766;LLOYDSFARMACIA MILANO N.54;Ordinaria;13195220150;VIA SCHEIWELLER,2;MILANO;;MI;15146;alta;20139;4;35;LODI - CORVETTO;9.22163559;45.44372221;POINT (9.22163559 45.44372221)
2998;REALE DI AGAPE ALBERTO;Ordinaria;09517590965;VIA LARGA, 16;MILANO;;MI;15146;alta;20122;1;1;DUOMO;9.19162846;45.46120265;POINT (9.19162846 45.46120265)
2866;FARAM SNC SEDE DI PIAZZALE MARTESANA;Ordinaria;03860200967;PIAZZALE MARTESANA, 4-ANGOLOV.LEMONZA;MILANO;;MI;15146;alta;20127;2;16;GORLA - PRECOTTO;9.22395477;45.50846001;POINT (9.22395477 45.50846001)
2759;SUZZANI SNC DI ROMANO E ALBERTO MISSAGLIA;Ordinaria;03860200967;VIALE GIOVANNI SUZZANI, 18;MILANO;;MI;15146;alta;20162;9;14;NIGUARDA - CA' GRANDA - PRATO CENTENARO - Q.RE FULVIO TESTI;9.19792585;45.50662435;POINT (9.19792585 45.50662435)
2713;MUNICIPALE N.16;Ordinaria;01199250158;VIALE GIOVANNI SUZZANI, 155;MILANO;;MI;15146;alta;20162;9;14;NIGUARDA - CA' GRANDA - PRATO CENTENARO - Q.RE FULVIO TESTI;9.20326915;45.51621975;POINT (9.20326915 45.51621975)
2898;ARIBERTO SAS;Ordinaria;10811240158;VIA EDMONDO DE AMICIS, 51;MILANO;;MI;15146;alta;20123;1;1;DUOMO;9.17490348;45.46056594;POINT (9.17490348 45.46056594)
2871;S. MATTEO;Ordinaria;10108970152;VIA MATTEO CIVITALI, 41;MILANO;;MI;15146;alta;20148;7;60;STADIO - IPPODROMI;9.1322258;45.47236315;POINT (9.1322258 45.47236315)
2626;FARMACIA DEL DUOMO S.R.L.;Ordinaria;08052330969;VIA LARGA, 6;MILANO;;MI;15146;alta;20122;1;1;DUOMO;9.1934272;45.46234792;POINT (9.1934272 45.46234792)
2606;CINQUE GIORNATE SNC;Ordinaria;07111920968;PIAZZA CINQUE GIORNATE, 7;MILANO;;MI;15146;alta;20129;4;26;XXII MARZO;9.2076941;45.46241805;POINT (9.2076941 45.46241805)
2616;COOP.FARM.SEMPIONE;Ordinaria;00774640155;PIAZZA SEMPIONE, 8;MILANO;;MI;15146;alta;20154;1;8;PARCO SEMPIONE;9.17184337;45.47623827;POINT (9.17184337 45.47623827)
2723;MUNICIPALE N.81;Ordinaria;01199250158;VIA LUIGI CHIARELLI, 10;MILANO;;MI;15146;alta;20151;8;65;Q.RE GALLARATESE - Q.RE SAN LEONARDO - LAMPUGNANO;9.12132219;45.4910695;POINT (9.12132219 45.4910695)
2834;FARMACIA BOVISASCA S.R.L.;Ordinaria;10123240961;VIA BOVISASCA, 173;MILANO;;MI;15146;alta;20157;9;81;BOVISASCA;9.15558421;45.51684893;POINT (9.15558421 45.51684893)
2947;CASTELVETRO SNC;Ordinaria;11973480152;VIA PIERO DELLA FRANCESCA, 38;MILANO;;MI;15146;alta;20154;8;69;SARPI;9.16347703;45.48414142;POINT (9.16347703 45.48414142)
2783;MUNICIPALE N.63;Ordinaria;01199250158;VIA GIOACCHINO MURAT, 5;MILANO;;MI;15146;alta;20159;9;12;MACIACHINI - MAGGIOLINA;9.19190254;45.49685948;POINT (9.19190254 45.49685948)
2650;FIORE SNC;Ordinaria;07561670964;VIA GAETANO STRIGELLI, 2;MILANO;;MI;15146;alta;20135;4;28;UMBRIA - MOLISE - CALVAIRATE;9.21709583;45.45585321;POINT (9.21709583 45.45585321)
2903;MADONNINA;Ordinaria;10580660966;VIA UGO BETTI, 42/B;MILANO;;MI;15146;alta;20151;8;65;Q.RE GALLARATESE - Q.RE SAN LEONARDO - LAMPUGNANO;9.11168103;45.49284098;POINT (9.11168103 45.49284098)
2601;NUOVA BERETTA SNC DI SILVIA BASSI & C.;Ordinaria;08586580964;VIALE BLIGNY, 47;MILANO;;MI;15146;alta;20136;5;5;PORTA VIGENTINA - PORTA LODOVICA;9.19675138;45.45092987;POINT (9.19675138 45.45092987)
2915;CARLETTI SAS;Ordinaria;11017700151;VIA MAC MAHON, 111;MILANO;;MI;15146;alta;20155;8;71;VILLAPIZZONE - CAGNOLA - BOLDINASCO;9.15320174;45.4973761;POINT (9.15320174 45.4973761)
2815;QT8;Ordinaria;07155480150;VIA COLLECCHIO, 4;MILANO;;MI;15146;alta;20148;8;66;QT 8;9.13948417;45.48614399;POINT (9.13948417 45.48614399)
2682;MUNICIPALE N.18;Ordinaria;01199250158;VIA ALEX VISCONTI, 22/A;MILANO;;MI;15146;alta;20151;8;65;Q.RE GALLARATESE - Q.RE SAN LEONARDO - LAMPUGNANO;9.10027749;45.50387375;POINT (9.10027749 45.50387375)
2734;MUNICIPALE N.33;Ordinaria;01199250158;VIA LUIGI ANGELONI, 33;MILANO;;MI;15146;alta;20161;9;83;BRUZZANO;9.17557772;45.52664842;POINT (9.17557772 45.52664842)
2777;MUNICIPALE N.58;Ordinaria;01199250158;VIA PALMANOVA, 67;MILANO;;MI;15146;alta;20132;2;19;PADOVA - TURRO - CRESCENZAGO;9.23696132;45.49714201;POINT (9.23696132 45.49714201)
2930;GALILEO SNC;Ordinaria;11632930159;VIA VINCENZO VIVIANI, 2;MILANO;;MI;15146;alta;20124;9;9;PORTA GARIBALDI - PORTA NUOVA;9.19725185;45.48148065;POINT (9.19725185 45.48148065)
2798;ARGONNE SAS DEL DR. MAZZANTINI MASSIMO & C.;Ordinaria;07117510961;VIA UMBERTO MASOTTO, 1;MILANO;;MI;15146;alta;20133;4;25;CORSICA;9.2301917;45.46693388;POINT (9.2301917 45.46693388)
2983;FARMACIA COLONNE DI SAN LORENZO MILANO DELLA DR.SSA STRAZIOTA CATERINA & C. SNC;Ordinaria;10823840961;CORSO DI PORTA TICINESE, 24;MILANO;;MI;15146;alta;20123;1;1;DUOMO;9.18105506;45.45867641;POINT (9.18105506 45.45867641)
2925;BLIGNY;Ordinaria;11507570155;VIALE BLIGNY, 23/A;MILANO;;MI;15146;alta;20136;5;5;PORTA VIGENTINA - PORTA LODOVICA;9.19230093;45.45094036;POINT (9.19230093 45.45094036)
2738;LLOYDSFARMACIA MILANO N. 32;Ordinaria;13195220150;VIA EUGENIO PELLINI, 1;MILANO;;MI;15146;alta;20125;2;12;MACIACHINI - MAGGIOLINA;9.20372717;45.49548684;POINT (9.20372717 45.49548684)
2856;F.LLI RAGNI SNC DI RAGNI DOTT. ANDREA;Ordinaria;08441520965;VIA ALESSANDRO LITTA MODIGNANI, 5;MILANO;;MI;15146;alta;20161;9;81;BOVISASCA;9.1662047;45.52400484;POINT (9.1662047 45.52400484)
3017;CANONICA;Ordinaria;09704330159;VIA LUIGI CANONICA, 32;MILANO;;MI;15146;alta;20154;1;69;SARPI;9.17456535;45.47888939;POINT (9.17456535 45.47888939)
2719;MUNICIPALE N.23;Ordinaria;13195220150;VIA LOMELLINA ANG.VIA MONTE SUELLO,1;MILANO;;MI;15146;alta;20133;4;25;CORSICA;9.23025825;45.46370324;POINT (9.23025825 45.46370324)
2770;MUNICIPALE N.56;Ordinaria;13195220150;VIA SAN PAOLINO, 18;MILANO;;MI;15146;alta;20142;6;46;BARONA;9.16311415;45.43105945;POINT (9.16311415 45.43105945000001)
2638;FARMACIA NOVARA SRL;Ordinaria;08267990961;VIA NOVARA, 90;MILANO;;MI;15146;alta;20153;7;60;STADIO - IPPODROMI;9.1195168;45.47267555;POINT (9.1195168 45.47267555)
2755;S. ELENA;Ordinaria;01033350156;VIA FRATELLI ZOIA, 84/2;MILANO;;MI;15146;alta;20153;7;61;QUARTO CAGNINO;9.10913975;45.47151644;POINT (9.10913975 45.47151644)
2967;OLMI SNC;Ordinaria;08716030963;VIA DELLE BETULLE, 10;MILANO;;MI;15146;alta;20152;7;55;BAGGIO - Q.RE DEGLI OLMI - Q.RE VALSESIA;9.08347549;45.45312646;POINT (9.08347549 45.45312646)
2687;S. ANNA DR.SSA BRAVI CRISTINA;Ordinaria;09027010967;VIA PIER ALESSANDRO PARAVIA, 75;MILANO;;MI;15146;alta;20148;7;60;STADIO - IPPODROMI;9.13417529;45.47353671;POINT (9.13417529 45.47353671)
2841;FARMACIA CENTRO MILANO SRL;Ordinaria;06769500965;VIA SAN PROSPERO ¿ ING.VIA BROLETTO,1;MILANO;;MI;15146;alta;20121;1;2;BRERA;9.18580621;45.46604382;POINT (9.18580621 45.46604382)
2952;MISSORI SNC;Ordinaria;12263860152;PIAZZA GIUSEPPE MISSORI, 3;MILANO;;MI;15146;alta;20123;1;1;DUOMO;9.18847803;45.46061927;POINT (9.18847803 45.46061927)
2851;GRECO DI PICCARDI DOTT.NICOLA;Ordinaria;09180910961;VIALE DELLE RIMEMBRANZE DI GRECO, 40;MILANO;;MI;15146;alta;20125;2;13;GRECO - SEGNANO;9.2119261;45.49968455;POINT (9.2119261 45.49968455)
2665;GLORIA SRL - FARMACIA FASOLIS;Ordinaria;04582870962;VIA CELENTANO,1-ANG.VIA PADOVA,194;MILANO;;MI;15146;bassa;20145;7;68;PAGANO;9.15933654;45.46819153;POINT (9.15933654 45.46819153)
2962;FARMACIA UMANITARIA SAS DEL DR. STILO DOMENICO E C.;Ordinaria;07980640960;VIA ACHILLE MAIOCCHI, 14;MILANO;;MI;15146;alta;20129;3;21;BUENOS AIRES - PORTA VENEZIA - PORTA MONFORTE;9.21298685;45.47514269;POINT (9.21298685 45.47514269)
2920;CHIESA ROSSA - DR. LUMINI;Ordinaria;11449900155;VIA MEDEGHINO, 27;MILANO;;MI;15146;alta;20141;5;42;STADERA - CHIESA ROSSA - Q.RE TORRETTA - CONCA FALLATA;9.18015236;45.43118581;POINT (9.18015236 45.43118581)
2910;MONFORTE SNC;Ordinaria;11016490150;CORSO MONFORTE, 19;MILANO;;MI;15146;alta;20122;1;1;DUOMO;9.20015146;45.46693023;POINT (9.20015146 45.46693023)
2648;FARMACIA MELOZZO DA FORLI' DEI DOTTORI LEARCO E MARCELLO SANDI & C.;Ordinaria;11060720965;VIA NOVARA, 3;MILANO;;MI;15146;alta;20153;7;60;STADIO - IPPODROMI;9.11686005;45.47472715;POINT (9.11686005 45.47472715)
16962;MUNICIPALE N.1;Ordinaria;13195220150;VIA DEL LIRI, 1/3;MILANO;;MI;15146;alta;20138;4;30;TALIEDO - MORSENCHIO - Q.RE FORLANINI;9.24859282;45.44524075;POINT (9.24859282 45.44524075)
2794;MUNICIPALE N.68;Ordinaria;01199250158;VIA SACCO ANG.P.ZA DE ANGELI;MILANO;;MI;15146;alta;20146;7;51;PORTA MAGENTA;9.15083525;45.4661619;POINT (9.15083525 45.46616190000001)
2703;SERRA;Ordinaria;00059170159;VIALE RENATO SERRA, 52;MILANO;;MI;15146;alta;20149;8;67;PORTELLO;9.14985765;45.48886051;POINT (9.14985765 45.48886051)
2830;CITTA' STUDI;Ordinaria;08472290157;LARGO ORESTE MURANI, 2;MILANO;;MI;15146;alta;20133;3;22;CITTA' STUDI;9.23513321;45.47281707;POINT (9.23513321 45.47281707)
2819;PREMUDA -;Ordinaria;07157520961;VIA PASQUALE SOTTOCORNO, 1;MILANO;;MI;15146;alta;20129;4;26;XXII MARZO;9.20740377;45.46533346;POINT (9.20740377 45.465333460000004)
2888;MEDA SNC;Ordinaria;08119590969;VIA GIUSEPPE MEDA, 37;MILANO;;MI;15146;alta;20141;5;43;TIBALDI;9.17872863;45.4413172;POINT (9.17872863 45.44131720000001)
2935;FARMACIA ANGOLO DELLA SALUTE S.R.L.;Ordinaria;06312070961;VIA PAOLO SARPI, 53;MILANO;;MI;15146;alta;20154;8;69;SARPI;9.17275945;45.4811454;POINT (9.17275945 45.4811454)
2680;GANDOLFO;Ordinaria;01366710158;VIA S.CLICERIO,6;MILANO;;MI;15146;alta;20123;1;7;MAGENTA - S. VITTORE;9.17538886;45.45824679;POINT (9.17538886 45.45824679)
2623;COOP.FARM.LAMARMORA;Ordinaria;00774640155;VIA ALFONSO LAMARMORA, 2;MILANO;;MI;15146;alta;20122;1;4;GUASTALLA;9.19591868;45.45609057;POINT (9.19591868 45.45609057)
2670;FARMACIA S. GIOVANNI SNC DELLA DR.SSA CANETTI CESARINA E C.;Ordinaria;05273210962;VIA POLA, 13;MILANO;;MI;15146;alta;20124;9;11;ISOLA;9.19401313;45.48876282;POINT (9.19401313 45.488762820000005)
2985;FARMACIA CORVETTO FARMA ACQUISITION S.R.L.;Ordinaria;02489000998;VIALE LUCANIA, 6;MILANO;;MI;15146;alta;20139;4;35;LODI - CORVETTO;9.22443111;45.44038999;POINT (9.22443111 45.44038999)
2655;ROCCHI;Ordinaria;07646670963;VIA LUIGI ALAMANNI, 2;MILANO;;MI;15146;alta;20141;5;38;VIGENTINO - Q.RE FATIMA;9.20089995;45.43427143;POINT (9.20089995 45.43427143)
2698;MOTTA;Ordinaria;03838570962;PIAZZA CARLO CANEVA, 3;MILANO;;MI;15146;alta;20154;8;69;SARPI;9.16134997;45.48743808;POINT (9.16134997 45.48743808)
18617;MUNICIPALE N.86;Ordinaria;13195220150;VIA SAN BERNARDO, 2;MILANO;;MI;15146;alta;20139;5;34;CHIARAVALLE;9.23737273;45.41817586;POINT (9.237372730000002 45.41817586)
2677;MUNICIPALE N.42;Ordinaria;01199250158;VIA SALVATORE BARZILAI, 2;MILANO;;MI;15146;alta;20146;6;52;BANDE NERE;9.14150404;45.4521163;POINT (9.14150404 45.4521163)
2957;GLORIA SRL - FARMACIA FOGLIA;Ordinaria;04582870962;VIA SAN CALIMERO, 1-ANG.C.SOP.TAROMANA;MILANO;;MI;15146;alta;20122;1;5;PORTA VIGENTINA - PORTA LODOVICA;9.19323437;45.45746107;POINT (9.19323437 45.45746107)
2889;FARMACIA SANTA CATERINA SRL;Ordinaria;11320830968;VIALE CATERINA DA FORLI', 7;MILANO;;MI;15146;alta;20146;6;52;BANDE NERE;9.14657335;45.45942121;POINT (9.14657335 45.45942121)
2720;MUNICIPALE N.25;Ordinaria;01199250158;VIA DELLE FORZE ARMATE, 44;MILANO;;MI;15146;alta;20147;7;52;BANDE NERE;9.13247594;45.46304395;POINT (9.132475940000003 45.46304395)
2641;PISANI 26;Ordinaria;07219710154;VIA VITTOR PISANI, 26;MILANO;;MI;15146;alta;20124;2;10;STAZIONE CENTRALE - PONTE SEVESO;9.2020686;45.48344159;POINT (9.2020686 45.48344159)
2921;S. GIORGIO;Ordinaria;11395060152;VIA TORINO, 48;MILANO;;MI;15146;alta;20123;1;1;DUOMO;9.18493823;45.46116577;POINT (9.18493823 45.46116577)
2852;MONTAGNA;Ordinaria;00476120969;VIALE TIBALDI, 50;MILANO;;MI;15146;alta;20136;5;6;PORTA TICINESE - CONCA DEL NAVIGLIO;9.18270813;45.4441351;POINT (9.18270813 45.4441351)
2742;MUNICIPALE N.34;Ordinaria;01199250158;VIA CARLO MAROCHETTI, 27;MILANO;;MI;15146;alta;20139;4;35;LODI - CORVETTO;9.22820189;45.43812465;POINT (9.228201890000001 45.43812465)
2634;CARLO ALBERTO DEL DR. RAITERO MARCO SERGIO;Ordinaria;06660150969;VIA GIUSEPPE MAZZINI, 12;MILANO;;MI;15146;alta;20123;1;1;DUOMO;9.18849154;45.46261205;POINT (9.18849154 45.46261205)
2984;S. MARIA NASCENTE SNC;Ordinaria;12827200150;VIA PERGINE, 2;MILANO;;MI;15146;alta;20148;8;66;QT 8;9.1374696;45.48737112;POINT (9.1374696 45.48737112)
2974;PHARMAWHITE DI MARCELLA BORTOLAN E ANTONINO CASERTA E C. S.A.S.;Ordinaria;10425280962;VIA UGO BETTI, 159/B;MILANO;;MI;15146;alta;20151;8;65;Q.RE GALLARATESE - Q.RE SAN LEONARDO - LAMPUGNANO;9.10935098;45.49588535;POINT (9.10935098 45.49588535)
2774;LLOYDSFARMACIA MILANO N.52;Ordinaria;13195220150;PIAZZALE DIEGO VELASQUEZ, 7;MILANO;;MI;15146;alta;20148;7;57;SAN SIRO;9.14061871;45.46763593;POINT (9.14061871 45.46763593)
3006;FARMACIA LESSONA DR. COSCO ANTONIO;Ordinaria;03318210964;VIA ANTONIO GAZZOLETTI, 3;MILANO;;MI;15146;alta;20157;8;76;QUARTO OGGIARO - VIALBA - MUSOCCO;9.13630019;45.51748795;POINT (9.136300190000002 45.51748795)
2767;MUNICIPALE N.46;Ordinaria;01199250158;VIA DEI CIGNOLI, 1;MILANO;;MI;15146;alta;20151;8;71;VILLAPIZZONE - CAGNOLA - BOLDINASCO;9.1340509;45.49579939;POINT (9.1340509 45.49579939)
2598;FARMACIA PASUBIO FARMA ACQUISITION SRL;Ordinaria;02489000998;VIALE PASUBIO, 6/8;MILANO;STAZ. F.S. PORTA GARIBALDI;MI;15146;alta;20154;9;9;PORTA GARIBALDI - PORTA NUOVA;9.18536056;45.48131414;POINT (9.18536056 45.48131414)
2715;MUNICIPALE N.19;Ordinaria;13195220150;PIAZZA PREALPI, 3;MILANO;;MI;15146;alta;20155;8;71;VILLAPIZZONE - CAGNOLA - BOLDINASCO;9.15416995;45.495104;POINT (9.15416995 45.495104)
2979;FARMACIA IMPERIA SNC DI MANELLI ALESSANDRA;Ordinaria;08271020961;VIA SPEZIA, 20;MILANO;;MI;15146;alta;20142;6;45;MONCUCCO - SAN CRISTOFORO;9.17253433;45.44126922;POINT (9.17253433 45.44126922)
2884;ITALO INGLESE SNC;Ordinaria;09617280152;VIA EMILIO LUSSU, 4;MILANO;;MI;15146;alta;20128;2;17;ADRIANO;9.24392974;45.51732155;POINT (9.24392974 45.51732155)
2673;MUNICIPALE N.43;Ordinaria;13195220150;PIAZZALE VINCENZO CUOCO, 8;MILANO;;MI;15146;alta;20137;4;29;ORTOMERCATO;9.22444778;45.45133299;POINT (9.22444778 45.45133299)
2823;CORSO VERCELLI DI CERA STEFANO;Ordinaria;09479870967;VIA FRANCESCO CHERUBINI, 2;MILANO;;MI;15146;alta;20145;7;68;PAGANO;9.15948391;45.46670965;POINT (9.15948391 45.46670965)
2658;SANITAS;Ordinaria;01567000151;CORSO GIUSEPPE GARIBALDI, 49;MILANO;;MI;15146;alta;20121;1;2;BRERA;9.1835433;45.47375678;POINT (9.1835433 45.47375678)
2710;MUNICIPALE N.6;Ordinaria;01199250158;PIAZZA GIOSIA MONTI, 9;MILANO;;MI;15146;alta;20153;7;62;QUINTO ROMANO;9.08854514;45.47597573;POINT (9.08854514 45.47597573)
2809;MUNICIPALE N.83;Ordinaria;01199250158;VIALE MONZA, 226;MILANO;;MI;15146;alta;20128;2;16;GORLA - PRECOTTO;9.22489924;45.51315395;POINT (9.22489924 45.51315395)
2857;S. LUCA - DR.SSA LIVRAGHI;Ordinaria;09510150155;VIA ANTONIO CARNEVALI, 70;MILANO;;MI;15146;alta;20158;9;79;DERGANO;9.17026165;45.50290736;POINT (9.17026165 45.50290736)
3011;CADORNA SNC DR. TIEGHI GIORGIO & C.;Ordinaria;00107330151;PIAZZALE LUIGI CADORNA, 11;MILANO;;MI;15146;alta;20123;1;7;MAGENTA - S. VITTORE;9.1760251;45.46782044;POINT (9.1760251 45.46782044)
3016;BRIANZA SNC;Ordinaria;05675450968;VIALE BRIANZA, 23;MILANO;;MI;15146;alta;20127;2;10;STAZIONE CENTRALE - PONTE SEVESO;9.2123144;45.4878361;POINT (9.212314400000002 45.4878361)
2942;TURRO;Ordinaria;11963650152;VIA PADOVA, 109;MILANO;;MI;15146;alta;20132;2;19;PADOVA - TURRO - CRESCENZAGO;9.23039405;45.49647056;POINT (9.23039405 45.49647056)
2826;NAZIONALE DR. BOGHI ALESSANDRO;Ordinaria;03616430132;CORSO COLOMBO,6;MILANO;;MI;15146;alta;20144;6;44;PORTA TICINESE - CONCHETTA;9.17143323;45.45443064;POINT (9.17143323 45.45443064)
2791;MUNICIPALE N.70;Ordinaria;01199250158;VIALE FAMAGOSTA, 40;MILANO;;MI;15146;alta;20142;6;46;BARONA;9.16179103;45.43713212;POINT (9.16179103 45.43713212)
2690;CASTELMORRONE - DR. ROTTEGLIA;Ordinaria;04226820159;VIA CASTEL MORRONE, 6;MILANO;;MI;15146;alta;20129;3;21;BUENOS AIRES - PORTA VENEZIA - PORTA MONFORTE;9.2147176;45.46892574;POINT (9.2147176 45.46892574)
2752;UNGHERIA DI DE LUCA EREDI SDF;Ordinaria;10635170151;VIALE UNGHERIA, 10;MILANO;;MI;15146;alta;20138;4;30;TALIEDO - MORSENCHIO - Q.RE FORLANINI;9.24370366;45.44569316;POINT (9.24370366 45.44569316)
2619;COOP.FARM.VERCELLI;Ordinaria;00774640155;CORSO VERCELLI, 5;MILANO;;MI;15146;alta;20145;7;68;PAGANO;9.16390036;45.46625844;POINT (9.16390036 45.46625844)
2609;BOVISA;Ordinaria;12105190966;PIAZZA GIOVANNI BAUSAN, 3;MILANO;;MI;15146;alta;20158;9;77;BOVISA;9.16526873;45.50208929;POINT (9.16526873 45.50208929)
2989;SCIENTIFICA;Ordinaria;01033180157;VIA CIRO MENOTTI, 18/21;MILANO;;MI;15146;alta;20129;3;21;BUENOS AIRES - PORTA VENEZIA - PORTA MONFORTE;9.21328878;45.47079;POINT (9.21328878 45.47079)
2806;VIGENTINO DI LOFRESE DR.SSA LAURA;Ordinaria;09047220968;VIA GIUSEPPE RIPAMONTI, 108;MILANO;;MI;15146;alta;20141;5;37;MORIVIONE;9.19987891;45.43978058;POINT (9.19987891 45.43978058)
2953;MONTE ROSA SNC;Ordinaria;07601070969;VIA ELEUTERIO PAGLIANO, 1/A;MILANO;;MI;15146;alta;20149;7;58;DE ANGELI - MONTE ROSA;9.14809941;45.47581213;POINT (9.148099410000002 45.47581213)
2893;WASHINGTON SNC;Ordinaria;06393130965;VIA ETNA, 2;MILANO;;MI;15146;alta;20144;7;51;PORTA MAGENTA;9.1557829;45.46184514;POINT (9.1557829 45.46184514)
2994;MACCIONI SNC DI PATRIZIA MACCIONI E CATIA MACCIONI;Ordinaria;13148090155;VIA LEPONTINA, 13;MILANO;;MI;15146;alta;20159;9;11;ISOLA;9.1846838;45.49317313;POINT (9.1846838 45.49317313)
2878;CAVALLI;Ordinaria;09629510158;VIA GIUSEPPE CANDIANI, 122;MILANO;;MI;15146;alta;20158;9;77;BOVISA;9.16245602;45.50313674;POINT (9.16245602 45.50313674)
2762;FARMACIA STAZIONE CENTRALE FARMA ACQUISITION SRL;Ordinaria;02489000998;PIAZZA DUCA D' AOSTA;MILANO;;MI;15146;alta;20125;2;10;STAZIONE CENTRALE - PONTE SEVESO;9.20295451;45.48392462;POINT (9.20295451 45.48392462)
2645;FARINATTI SNC DR.SSA SILVIA FARINATTI & C.;Ordinaria;00842370157;VIA PIERO DELLA FRANCESCA, 3;MILANO;;MI;15146;alta;20154;8;69;SARPI;9.16743741;45.48210613;POINT (9.16743741 45.48210613)
2613;COOP.FARM.VITTORIA;Ordinaria;00774640155;VIA FONTANA, 1ANGOLOC.SOPORTAVITTORIA36;MILANO;;MI;15146;alta;20122;1;4;GUASTALLA;9.20429538;45.46179282;POINT (9.204295380000001 45.46179282)
2730;AMORETTI SNC DI CRUPI NICOLA E C. SNC;Ordinaria;06469250960;VIALE CARLO ESPINASSE, 30;MILANO;;MI;15146;alta;20156;8;71;VILLAPIZZONE - CAGNOLA - BOLDINASCO;9.14359945;45.49526006;POINT (9.14359945 45.49526006)
2846;RAIMONDI SNC;Ordinaria;05752140961;LARGO LA FOPPA, 1;MILANO;;MI;15146;alta;20121;1;2;BRERA;9.1845053;45.4782739;POINT (9.1845053 45.4782739)
2630;SARDEGNA S.N.C. -DR. DAVIDE MAZZOLI &C.;Ordinaria;05345570963;VIA SARDEGNA, 31;MILANO;;MI;15146;alta;20146;7;51;PORTA MAGENTA;9.15219417;45.46319831;POINT (9.15219417 45.46319831)
2747;LLOYDSFARMACIA MILANO N.40;Ordinaria;13195220150;VIA DELLA CHIESA ROSSA, 95;MILANO;;MI;15146;alta;20142;5;42;STADERA - CHIESA ROSSA - Q.RE TORRETTA - CONCA FALLATA;9.17020333;45.42706714;POINT (9.17020333 45.42706714)
2727;MUNICIPALE N.20;Ordinaria;01199250158;PIAZZA AXUM, 5/3;MILANO;;MI;15146;alta;20151;7;60;STADIO - IPPODROMI;9.12330094;45.47574219;POINT (9.12330094 45.47574219)
2745;MUNICIPALE N.9;Ordinaria;13195220150;VIA MECENATE, 25;MILANO;;MI;15146;alta;20138;4;30;TALIEDO - MORSENCHIO - Q.RE FORLANINI;9.2458642;45.45463085;POINT (9.2458642 45.45463085)
18990;CONSORZIO FARMASUD;Ordinaria;08874020962;VIA VITTOR PISANI, 12;MILANO;;MI;15146;alta;20124;2;10;STAZIONE CENTRALE - PONTE SEVESO;9.20021123;45.48160343;POINT (9.200211230000003 45.48160343)
2838;FARMACIA DURINI FARMA ACQUISITION S.R.L.;Ordinaria;02489000998;VIA DURINI, 28;MILANO;;MI;15146;alta;20122;1;1;DUOMO;9.19823419;45.46564202;POINT (9.19823419 45.46564202)
2694;TONALE;Ordinaria;03866530151;VIA TONALE, 26;MILANO;;MI;15146;alta;20125;2;10;STAZIONE CENTRALE - PONTE SEVESO;9.20125925;45.48969839;POINT (9.20125925 45.48969839)
2811;FALQUI;Ordinaria;10169520151;VIALE ZARA, 145;MILANO;;MI;15146;alta;20159;9;12;MACIACHINI - MAGGIOLINA;9.19704145;45.50062525;POINT (9.19704145 45.50062525)
2706;NIZZA SAS;Ordinaria;06414420965;VIA GIOACCHINO MURAT, 85-ANG.PIAZZANIZZA;MILANO;;MI;15146;alta;20159;9;12;MACIACHINI - MAGGIOLINA;9.18960014;45.50246009;POINT (9.189600140000001 45.50246009)
2662;SOZZI SNC;Ordinaria;07207710968;VIALE ROMAGNA, 25;MILANO;;MI;15146;alta;20133;3;21;BUENOS AIRES - PORTA VENEZIA - PORTA MONFORTE;9.22351818;45.47257867;POINT (9.22351818 45.47257867)
2779;LLOYD FARMACIA COMUNALE N.60;Ordinaria;01199250158;VIA MARCO D' AGRATE, 1;MILANO;;MI;15146;alta;20139;5;36;SCALO ROMANA;9.2160865;45.4368262;POINT (9.2160865 45.4368262)
2861;FARMACIA BELTRADE S.R.L.;Ordinaria;10564470960;PIAZZA SANTA MARIA BELTRADE, 1;MILANO;;MI;15146;alta;20123;1;1;DUOMO;9.18657284;45.4627796;POINT (9.18657284 45.4627796)
2934;S. RITA;Ordinaria;11816820150;PIAZZALE GABRIELE ROSA, 11;MILANO;;MI;15146;alta;20139;4;35;LODI - CORVETTO;9.22421133;45.43804342;POINT (9.22421133 45.43804342)
2714;MUNICIPALE N.15;Ordinaria;01199250158;VIA PIER LOMBARDO, 19;MILANO;;MI;15146;alta;20135;4;27;PTA ROMANA;9.20713911;45.45395991;POINT (9.20713911 45.45395991)
2949;LAMBRATE S.R.L.;Ordinaria;10991560961;VIA GIOVANNI PACINI, 70;MILANO;;MI;15146;alta;20131;3;22;CITTA' STUDI;9.2349405;45.484136;POINT (9.234940500000002 45.484136)
2684;MALPIGHI - DR. GUFFANTI;Ordinaria;00248870966;VIA MARCELLO MALPIGHI, 12;MILANO;;MI;15146;alta;20129;3;21;BUENOS AIRES - PORTA VENEZIA - PORTA MONFORTE;9.20809757;45.47497222;POINT (9.20809757 45.47497222)
2948;FARINI SAS DR.SSA TRAVIERSO ANTONIETTA & C.;Ordinaria;05488940965;VIA ARNALDO DA BRESCIA, 1;MILANO;;MI;15146;alta;20159;9;11;ISOLA;9.18340521;45.49014844;POINT (9.18340521 45.49014844)
2963;FARMACIA LEGA LOMBARDA S.R.L.;Ordinaria;12514310155;PIAZZA LEGA LOMBARDA, 5;MILANO;;MI;15146;alta;20154;1;69;SARPI;9.18036767;45.47790798;POINT (9.18036767 45.47790798)
2683;CAMPIONI ANNA MARIA;Ordinaria;01033420157;VIALE SAN GIMIGNANO, 30;MILANO;;MI;15146;alta;20146;6;52;BANDE NERE;9.13664838;45.45864439;POINT (9.13664838 45.45864439)
2816;DEL LAZZARETTO;Ordinaria;07224570155;VIA PANFILO CASTALDI, 29;MILANO;;MI;15146;alta;20124;3;21;BUENOS AIRES - PORTA VENEZIA - PORTA MONFORTE;9.20375934;45.47636854;POINT (9.20375934 45.47636854)
2786;MUNICIPALE N.66;Ordinaria;01199250158;VIA ALCUINO, 18;MILANO;;MI;15146;alta;20149;8;67;PORTELLO;9.15610705;45.4837443;POINT (9.15610705 45.4837443)
2988;CADORE;Ordinaria;12349690151;VIA CADORE, 29;MILANO;;MI;15146;alta;20135;4;26;XXII MARZO;9.21287172;45.45769462;POINT (9.21287172 45.45769462)
2699;FARMACIA NOVARA SRL;Ordinaria;08267990961;VIA DELLE FORZE ARMATE, 212;MILANO;;MI;15146;alta;20152;7;56;FORZE ARMATE;9.1110264;45.4604939;POINT (9.1110264 45.4604939)
2831;SOCIALE - DR. BERRA;Ordinaria;08397670152;VIALE MONZA, 126;MILANO;;MI;15146;alta;20127;2;19;PADOVA - TURRO - CRESCENZAGO;9.22148779;45.5017758;POINT (9.22148779 45.5017758)
2931;STELLATO IDA;Ordinaria;03966414061;PIAZZA DELLA REPUBBLICA, 32;MILANO;;MI;15146;alta;20124;2;10;STAZIONE CENTRALE - PONTE SEVESO;9.19908984;45.48020799;POINT (9.19908984 45.48020799)
2872;FUSCO - DR. MONTAGNANI MARELLI;Ordinaria;10220170152;VIA GIAN BATTISTA BODONI, 19;MILANO;;MI;15146;alta;20155;8;71;VILLAPIZZONE - CAGNOLA - BOLDINASCO;9.14917163;45.49362534;POINT (9.14917163 45.49362534)
2617;COOP.FARM.MANZONI;Ordinaria;00774640155;VIA BIGLI, 28(ANG.VIAMANZONI);MILANO;;MI;15146;alta;20121;1;1;DUOMO;9.19252641;45.46974439;POINT (9.19252641 45.46974439)
2666;ANTICA FARMACIA DEL VERZIERE DI ROSANNA VIGANO' & C. SNC;Ordinaria;09566000965;CORSO 22 MARZO,52/7;MILANO;;MI;15146;alta;20129;4;26;XXII MARZO;9.21983158;45.46224927;POINT (9.21983158 45.46224927)
2799;MUNICIPALE N.75;Ordinaria;13195220150;VIA GIORGIO WASHINGTON, 74;MILANO;;MI;15146;alta;20146;7;51;PORTA MAGENTA;9.15468187;45.4589214;POINT (9.15468187 45.4589214)
2892;GRILLI SNC;Ordinaria;10739420155;VIA CARLO DOLCI, 6;MILANO;;MI;15146;alta;20148;7;57;SAN SIRO;9.14351031;45.47185803;POINT (9.14351031 45.47185803)
2651;PALAZZOLO DEL DR. DANIELE OTTAVIO;Ordinaria;09127160969;VIALE MONTE NERO, 37;MILANO;;MI;15146;alta;20135;1;4;GUASTALLA;9.20509179;45.45685473;POINT (9.20509179 45.45685473)
2649;SCHIAVIO SNC;Ordinaria;05271460965;VIA GIOSUE' CARDUCCI, 11;MILANO;;MI;15146;alta;20123;1;7;MAGENTA - S. VITTORE;9.17529583;45.46569894;POINT (9.17529583 45.46569894)
2818;BONOLA SAS DI POZZI AURORA & C.;Ordinaria;05262890964;VIA GIACOMO QUARENGHI, 21/23CEN.BONOLA;MILANO;;MI;15146;alta;20151;8;65;Q.RE GALLARATESE - Q.RE SAN LEONARDO - LAMPUGNANO;9.11523212;45.49648317;POINT (9.11523212 45.49648317)
2784;MUNICIPALE N.64;Ordinaria;01199250158;VIA ARBE, 65;MILANO;;MI;15146;alta;20125;2;12;MACIACHINI - MAGGIOLINA;9.19890544;45.50003275;POINT (9.19890544 45.50003275)
2916;ARCHINTO;Ordinaria;11174900156;PIAZZALE CARLO ARCHINTO, 1;MILANO;;MI;15146;alta;20159;9;11;ISOLA;9.18689145;45.48755549;POINT (9.18689145 45.48755549)
2754;PLEBISCITI SNC;Ordinaria;05752130962;CORSO PLEBISCITI, 7;MILANO;;MI;15146;alta;20129;3;21;BUENOS AIRES - PORTA VENEZIA - PORTA MONFORTE;9.2184083;45.46809572;POINT (9.2184083 45.46809572)
2769;MUNICIPALE N.50;Ordinaria;13195220150;VIA ANDREA MARIA AMPERE, 87;MILANO;;MI;15146;alta;20131;3;22;CITTA' STUDI;9.22644545;45.48602457;POINT (9.22644545 45.48602457)
2968;FARMACIA PADOVA DI TALPINI DR. FABIO;Ordinaria;12662920151;VIA ATENE, 2;MILANO;;MI;15146;alta;20132;2;19;PADOVA - TURRO - CRESCENZAGO;9.23301836;45.49842323;POINT (9.23301836 45.49842323000001)
2842;BIAZZI SAS;Ordinaria;11442380967;VIA GIAMBELLINO, 131/5;MILANO;;MI;15146;alta;20147;6;49;GIAMBELLINO;9.13494313;45.44614565;POINT (9.13494313 45.44614565)
2676;TADDEI SNC DI BRUNA TADDEI & C.;Ordinaria;08615080960;VIA AIROLO, 36;MILANO;;MI;15146;alta;20159;9;12;MACIACHINI - MAGGIOLINA;9.1928209;45.501795;POINT (9.1928209 45.50179500000001)
2607;FARMACIA CENISIO SRL;Ordinaria;11469180969;VIA SAN GALDINO, 11;MILANO;;MI;15146;alta;20154;8;69;SARPI;9.16674357;45.48723238;POINT (9.16674357 45.48723238)
2909;G.DUE;Ordinaria;02376000960;VIA ENRICO FALCK, 19/A;MILANO;;MI;15146;alta;20151;8;65;Q.RE GALLARATESE - Q.RE SAN LEONARDO - LAMPUGNANO;9.10416157;45.49782991;POINT (9.10416157 45.49782991)
2704;MUNICIPALE N.82;Ordinaria;13195220150;VIA PADOVA ANG.VIA TOSELLI,2;MILANO;;MI;15146;alta;20127;2;20;LORETO - CASORETTO - NOLO;9.22226067;45.49037011;POINT (9.22226067 45.49037011)
2602;BERTA SNC;Ordinaria;07087680968;VIALE MONZA, 43/B;MILANO;;MI;15146;alta;20125;2;20;LORETO - CASORETTO - NOLO;9.217952;45.4905768;POINT (9.217952 45.49057680000001)
2681;FARMACIA CARLO ERBA;Ordinaria;02489000998;PIAZZA DEL DUOMO, 21;MILANO;;MI;15146;alta;20121;1;1;DUOMO;9.18952755;45.464689;POINT (9.18952755 45.464689)
2936;SENATO SAS DEL DOTT. STILO DOMENICO & C.;Ordinaria;08801680961;VIA SENATO, 2;MILANO;;MI;15146;alta;20121;1;4;GUASTALLA;9.19924401;45.46881454;POINT (9.199244010000001 45.46881454)
2999;LIBERTY DI MANGIMI;Ordinaria;01682210032;VIA SAN PAOLO, 7;MILANO;;MI;15146;alta;20121;1;1;DUOMO;9.19367524;45.46547067;POINT (9.19367524 45.46547067)
2867;GENOVA SAS;Ordinaria;07210180969;CORSO GENOVA, 27;MILANO;;MI;15146;alta;20123;1;7;MAGENTA - S. VITTORE;9.17443317;45.45648933;POINT (9.17443317 45.45648933)
2735;MUNICIPALE N.37;Ordinaria;01199250158;VIA VETTA D' ITALIA, 18;MILANO;;MI;15146;alta;20144;7;51;PORTA MAGENTA;9.15709793;45.46049059;POINT (9.15709793 45.46049059)
2639;FARMACIA IMBRIANI S.A.S.;Ordinaria;05937180965;VIA DEGLI IMBRIANI, 35;MILANO;;MI;15146;alta;20158;9;77;BOVISA;9.1680888;45.50008475;POINT (9.1680888 45.50008475)
2899;VENTO ANDREULLI;Ordinaria;04727500961;VIA GIACOMO QUARENGHI, 40/1;MILANO;;MI;15146;alta;20151;8;65;Q.RE GALLARATESE - Q.RE SAN LEONARDO - LAMPUGNANO;9.111177;45.49854682;POINT (9.111177 45.49854682)
2722;MUNICIPALE N.10;Ordinaria;01199250158;VIA PALANZONE, 32;MILANO;;MI;15146;alta;20162;9;14;NIGUARDA - CA' GRANDA - PRATO CENTENARO - Q.RE FULVIO TESTI;9.19208247;45.51850815;POINT (9.19208247 45.51850815000001)
2885;SAN LUIGI SNC;Ordinaria;04546580962;CORSO LODI, 62;MILANO;;MI;15146;alta;20139;4;35;LODI - CORVETTO;9.21464084;45.44451708;POINT (9.21464084 45.44451708)
2709;MUNICIPALE N.5;Ordinaria;01199250158;VIA MAFFEO BAGAROTTI, 40;MILANO;;MI;15146;alta;20152;7;55;BAGGIO - Q.RE DEGLI OLMI - Q.RE VALSESIA;9.09123795;45.45616619;POINT (9.09123795 45.45616619)
2904;INTERNAZIONALE BOLIVAR;Ordinaria;11022640152;PIAZZA SIMONE BOLIVAR, 11;MILANO;;MI;15146;alta;20146;6;49;GIAMBELLINO;9.15172729;45.4547984;POINT (9.15172729 45.4547984)
3020;BERGOGNONE GARUFI;Ordinaria;03787810963;VIA AMBROGIO BERGOGNONE, 31;MILANO;;MI;15146;alta;20144;6;50;PORTA GENOVA;9.1638621;45.4536506;POINT (9.1638621 45.4536506)
2853;DEL GARIBALDI;Ordinaria;08958070156;CORSO GIUSEPPE GARIBALDI, 83;MILANO;;MI;15146;alta;20121;1;2;BRERA;9.18414384;45.47657548;POINT (9.18414384 45.47657548)
2737;MUNICIPALE N.35;Ordinaria;01199250158;VIA POLICARPO PETROCCHI, 21;MILANO;;MI;15146;alta;20127;2;19;PADOVA - TURRO - CRESCENZAGO;9.22457135;45.5026349;POINT (9.22457135 45.5026349)
2941;OMERO;Ordinaria;11963310153;VIA NICOLO' BARABINO, 3;MILANO;;MI;15146;alta;20139;4;35;LODI - CORVETTO;9.22251409;45.43380364;POINT (9.22251409 45.43380364)
2620;COOP.FARM.LIMA;Ordinaria;00774640155;VIA CAIO SECONDO PLINIO, 1(ANG.PIAZZALIMA);MILANO;;MI;15146;alta;20129;3;21;BUENOS AIRES - PORTA VENEZIA - PORTA MONFORTE;9.21135476;45.47994105;POINT (9.21135476 45.47994105)
2671;ROMBON;Ordinaria;04113380150;VIA ROMBON, 29;MILANO;;MI;15146;alta;20134;3;18;CIMIANO - ROTTOLE - Q.RE FELTRE;9.24042819;45.48629205;POINT (9.24042819 45.48629205)
2731;MARISCOTTI;Ordinaria;03671660151;VIA PAOLO SARPI, 62;MILANO;;MI;15146;alta;20154;8;69;SARPI;9.17053984;45.48096053;POINT (9.17053984 45.48096053)
2758;FARMACIA LANZANI S.R.L.;Ordinaria;05270390965;VIA MICHELE LESSONA, 2;MILANO;;MI;15146;alta;20157;8;76;QUARTO OGGIARO - VIALBA - MUSOCCO;9.13677856;45.51298771;POINT (9.13677856 45.51298771)
2956;DELLA TORRETTA SAS DI MONICA ROCCHI E C.;Ordinaria;08985970964;LARGO PROMESSI SPOSI, 4;MILANO;;MI;15146;alta;20142;5;42;STADERA - CHIESA ROSSA - Q.RE TORRETTA - CONCA FALLATA;9.17282356;45.43494328;POINT (9.17282356 45.43494328)
2773;MUNICIPALE N.57;Ordinaria;01199250158;VIA DEL PETTIROSSO, 16;MILANO;;MI;15146;alta;20147;6;53;LORENTEGGIO;9.12085135;45.45718404;POINT (9.12085135 45.45718404)
2603;FARMACEUTICA BRAMANTE;Ordinaria;01032620153;VIA GIOVANNI PACINI, 30;MILANO;;MI;15146;alta;20131;3;22;CITTA' STUDI;9.22993691;45.48243665;POINT (9.22993691 45.48243665)
2805;MUNICIPALE N.79;Ordinaria;01199250158;VIA GUIDO DE RUGGIERO, 8;MILANO;;MI;15146;alta;20142;5;41;GRATOSOGLIO - Q.RE MISSAGLIA - Q.RE TERRAZZE;9.17474154;45.4189713;POINT (9.17474154 45.4189713)
2625;AMBRECK S.R.L.;Ordinaria;10957030967;VIA ANTONIO STRADIVARI, 1;MILANO;;MI;15146;alta;20124;3;21;BUENOS AIRES - PORTA VENEZIA - PORTA MONFORTE;9.21524539;45.48451459;POINT (9.21524539 45.48451459)
3005;FARMACIA MONCUCCO S.N.C. DEI DOTTORI ROCCO FREZZA E MARIA FREZZA;Ordinaria;05653610963;VIA RIMINI, 29;MILANO;;MI;15146;alta;20142;6;45;MONCUCCO - SAN CRISTOFORO;9.16929543;45.44065569;POINT (9.16929543 45.44065569)
2736;MUNICIPALE N.31;Ordinaria;01199250158;VIA TITO VIGNOLI, 42/44;MILANO;;MI;15146;alta;20146;6;49;GIAMBELLINO;9.14761904;45.45224791;POINT (9.14761904 45.45224791)
2672;BICOCCA SNC;Ordinaria;05381100964;VIALE GIOVANNI SUZZANI, 273;MILANO;;MI;15146;alta;20162;9;14;NIGUARDA - CA' GRANDA - PRATO CENTENARO - Q.RE FULVIO TESTI;9.20848496;45.52539938;POINT (9.20848496 45.52539938)
2995;S. CRISTOFORO SAS DI NOBI ANDREA E C.;Ordinaria;12772080151;VIA GIAMBELLINO, 150;MILANO;;MI;15146;alta;20147;6;49;GIAMBELLINO;9.13083275;45.4449875;POINT (9.130832750000001 45.4449875)
2924;SIGRA S.R.L.;Ordinaria;10132730960;VIA VITRUVIO, 11;MILANO;;MI;15146;alta;20124;3;21;BUENOS AIRES - PORTA VENEZIA - PORTA MONFORTE;9.2090673;45.48110515;POINT (9.2090673 45.48110515)
2810;BOCCACCIO;Ordinaria;04636170153;VIA GIOVANNI BOCCACCIO, 26;MILANO;;MI;15146;alta;20123;1;7;MAGENTA - S. VITTORE;9.1696738;45.46760727;POINT (9.1696738 45.46760727)
2661;FARMACIA SANTA TERESA S.R.L.;Ordinaria;11050820965;CORSO MAGENTA, 96;MILANO;;MI;15146;alta;20123;1;7;MAGENTA - S. VITTORE;9.16644299;45.46598302;POINT (9.166442990000002 45.46598302)
2973;CALDARINI;Ordinaria;00626580153;VIA ANTONIO GROSSICH, 11/15;MILANO;;MI;15146;alta;20131;3;22;CITTA' STUDI;9.23428915;45.48158855;POINT (9.23428915 45.48158855)
2635;FARMACIA GIULIO CESARE S.N.C. DEI DR. ROBERTO, GABRIELE E FRANCESCA MARZANI;Ordinaria;10107480963;VIA MONTE ROSA, 27;MILANO;;MI;15146;alta;20149;8;58;DE ANGELI - MONTE ROSA;9.15161273;45.47319633;POINT (9.15161273 45.47319633)
2864;FARAM SNC SEDE DI CORSO DI PORTA TICINESE;Ordinaria;03860200967;CORSO DI PORTA TICINESE, 98;MILANO;;MI;15146;alta;20122;1;6;PORTA TICINESE - CONCA DEL NAVIGLIO;9.18034515;45.4534325;POINT (9.18034515 45.4534325)
2726;MUNICIPALE N.8;Ordinaria;01199250158;VIA VAL MAIRA, 14;MILANO;;MI;15146;alta;20162;9;14;NIGUARDA - CA' GRANDA - PRATO CENTENARO - Q.RE FULVIO TESTI;9.19587643;45.50897692;POINT (9.19587643 45.50897692)
2763;MUNICIPALE N.49;Ordinaria;01199250158;VIA FRATELLI ZANZOTTERA, 12;MILANO;;MI;15146;alta;20153;7;63;FIGINO;9.07312727;45.49282512;POINT (9.07312727 45.49282512)
2768;MUNICIPALE N.47;Ordinaria;01199250158;VIA VINCENZO FOPPA, 5;MILANO;;MI;15146;alta;20144;7;51;PORTA MAGENTA;9.16389454;45.4588041;POINT (9.16389454 45.4588041)
2980;OVIDIO SNC;Ordinaria;10457820156;VIA TOSCOLANO, 1;MILANO;;MI;15146;alta;20138;4;30;TALIEDO - MORSENCHIO - Q.RE FORLANINI;9.24207441;45.4588117;POINT (9.24207441 45.4588117)
2837;PAVESIO SAS;Ordinaria;05528980963;VIA GIORGIO CHAVEZ, 19;MILANO;;MI;15146;alta;20131;2;20;LORETO - CASORETTO - NOLO;9.22604562;45.49315679;POINT (9.22604562 45.49315679)
2693;TOSCHI;Ordinaria;00793230152;VIALE CORSICA, 42;MILANO;;MI;15146;alta;20137;4;25;CORSICA;9.22857158;45.46209348;POINT (9.22857158 45.46209348)
2640;FIRENZE S.R.L.;Ordinaria;10560170960;VIA RUGGERO DI LAURIA, 22;MILANO;;MI;15146;alta;20149;8;67;PORTELLO;9.15624477;45.4869542;POINT (9.15624477 45.4869542)
2900;FARMACIA TRIVULZIO;Ordinaria;10889380159;VIA ANTONIO TOLOMEO TRIVULZIO, 28;MILANO;;MI;15146;alta;20146;7;52;BANDE NERE;9.1435734;45.46515935;POINT (9.1435734 45.46515935)
2705;PALMANOVA;Ordinaria;05234860962;PIAZZALE UDINE, 8;MILANO;;MI;15146;alta;20132;3;18;CIMIANO - ROTTOLE - Q.RE FELTRE;9.23734605;45.4911258;POINT (9.23734605 45.4911258)
2741;COMUNALE N.38;Ordinaria;13195220150;VIA MICHELE SAPONARO, 2/C;MILANO;;MI;15146;alta;20142;5;41;GRATOSOGLIO - Q.RE MISSAGLIA - Q.RE TERRAZZE;9.17289506;45.41143492;POINT (9.17289506 45.41143492)
2608;CERINI;Ordinaria;07734420966;VIA AURELIO SAFFI, 6;MILANO;;MI;15146;alta;20123;1;7;MAGENTA - S. VITTORE;9.17158125;45.46904199;POINT (9.17158125 45.46904199000001)
2629;DEI PADRI FATEBENEFRATELLI SRL;Ordinaria;04638170961;VIA SAN VITTORE, 12;MILANO;;MI;15146;alta;20123;1;7;MAGENTA - S. VITTORE;9.17171848;45.46292623;POINT (9.17171848 45.46292623)
2716;LLOYDSFARMACIA MILANO N. 3;Ordinaria;13195220150;VIA FRATELLI GRUBICY DE DRAGON, 2;MILANO;;MI;15146;alta;20154;1;69;SARPI;9.18109502;45.47996951;POINT (9.18109502 45.47996951)
2785;MUNICIPALE N.65;Ordinaria;01199250158;VIA GIUSEPPE COMPAGNONI, 24;MILANO;;MI;15146;alta;20129;4;26;XXII MARZO;9.22149084;45.46552862;POINT (9.22149084 45.46552862)
2960;EUROPA SAS DEL DR. MARIO DE CONCA & C.;Ordinaria;12507350150;VIALE MONZA, 177;MILANO;;MI;15146;alta;20125;2;19;PADOVA - TURRO - CRESCENZAGO;9.22173105;45.50305264;POINT (9.22173105 45.50305264)
2812;FARMACIA NOVARA SRL;Ordinaria;08267990961;VIA ARCHIMEDE, 20;MILANO;;MI;15146;alta;20129;4;26;XXII MARZO;9.21131791;45.46507342;POINT (9.21131791 45.46507342)
2928;SOLFERINO SAS DEL DOTT. TARALLO GIORGIO & C.;Ordinaria;09085510965;VIA SOLFERINO, 25;MILANO;;MI;15146;alta;20121;1;2;BRERA;9.18816185;45.47812509;POINT (9.18816185 45.47812509)
2827;FIORDALISI;Ordinaria;08121600152;VIA DEI FIORDALISI, 2;MILANO;;MI;15146;alta;20146;6;52;BANDE NERE;9.13712874;45.450441;POINT (9.13712874 45.450441)
2790;MUNICIPALE N.69;Ordinaria;13195220150;PIAZZA MONTE TITANO;MILANO;;MI;15146;alta;20132;3;18;CIMIANO - ROTTOLE - Q.RE FELTRE;9.23731468;45.48643811;POINT (9.23731468 45.48643811)
2657;SALVI;Ordinaria;02849140153;VIA SAN MARCO, 18;MILANO;;MI;15146;alta;20121;1;2;BRERA;9.1884038;45.47528254;POINT (9.1884038 45.47528254)
2612;COOP.FARM.DUOMO;Ordinaria;00774640155;VIA OREFICI, 2;MILANO;;MI;15146;alta;20123;1;1;DUOMO;9.18792203;45.46401125;POINT (9.18792203 45.46401125)
2992;FARMACIA CENTRALE S.N.C. DELLA DOTT.SSA MARIA CRISTINA LUGLI;Ordinaria;13261480159;VIA SPADARI, 13;MILANO;;MI;15146;alta;20123;1;1;DUOMO;9.18654035;45.4640039;POINT (9.18654035 45.4640039)
2860;LODI SNC;Ordinaria;07765250969;CORSO LODI, 5;MILANO;;MI;15146;alta;20135;4;27;PTA ROMANA;9.20392316;45.45131876;POINT (9.20392316 45.45131876)
3012;SANSOVINO;Ordinaria;03588240964;VIA SANSOVINO, 1;MILANO;;MI;15146;alta;20131;3;21;BUENOS AIRES - PORTA VENEZIA - PORTA MONFORTE;9.21728554;45.4791441;POINT (9.21728554 45.4791441)
2748;MUNICIPALE N.80;Ordinaria;01199250158;PIAZZA ZAVATTARI ANG.MURILLO;MILANO;;MI;15146;alta;20148;7;58;DE ANGELI - MONTE ROSA;9.1434617;45.4758066;POINT (9.143461700000001 45.4758066)
2746;OGGIARO SAS DR. MONTAGNANI MARELLI MARCO & C.;Ordinaria;04720760968;VIA GIUSEPPE UNGARETTI, 12;MILANO;;MI;15146;alta;20157;8;76;QUARTO OGGIARO - VIALBA - MUSOCCO;9.14211476;45.51512258;POINT (9.14211476 45.51512258)
2597;GIANNONE;Ordinaria;07160600156;VIA CARLO FARINI, 5-ANG.CERESIO;MILANO;;MI;15146;alta;20154;9;9;PORTA GARIBALDI - PORTA NUOVA;9.18174202;45.4839685;POINT (9.18174202 45.48396850000001)
2822;REMBRANDT;Ordinaria;07666090159;VIA PAOLO REMBRANDT, 49;MILANO;;MI;15146;alta;20147;7;52;BANDE NERE;9.13406924;45.46762695;POINT (9.13406924 45.46762695)
2795;CONFALONIERI SNC DEL DOR. CONFALONIERI FEDERICO;Ordinaria;08830300961;VIALE MONZA, 63;MILANO;;MI;15146;alta;20125;2;20;LORETO - CASORETTO - NOLO;9.2186918;45.49306814;POINT (9.2186918 45.49306814)
2877;VERCESI SAS;Ordinaria;07492520965;VIA V MAGGIO, 1;MILANO;;MI;15146;alta;20157;8;76;QUARTO OGGIARO - VIALBA - MUSOCCO;9.13190812;45.50932274;POINT (9.13190812 45.50932274000001)
2644;MATTALIA;Ordinaria;00850330150;VIA GIORGIO WASHINGTON, 98;MILANO;;MI;15146;alta;20146;6;51;PORTA MAGENTA;9.15451694;45.45606065;POINT (9.15451694 45.456060650000005)
2689;MORTARA;Ordinaria;06889170152;VIA VENOSA, 4;MILANO;;MI;15146;alta;20137;4;28;UMBRIA - MOLISE - CALVAIRATE;9.22139024;45.44981504;POINT (9.22139024 45.44981504)
2845;LLOYDS FARMACIA LARGO AUGUSTO;Ordinaria;03653681209;LARGO AUGUSTO, 8;MILANO;;MI;15146;alta;20122;1;1;DUOMO;9.19667153;45.46296352;POINT (9.19667153 45.46296352)
2778;MUNICIPALE N.59;Ordinaria;01199250158;VIA GIANFRANCO ZURETTI, 37;MILANO;;MI;15146;alta;20125;2;10;STAZIONE CENTRALE - PONTE SEVESO;9.20832306;45.49393471;POINT (9.20832306 45.49393471)
2896;AMEDEO SAS;Ordinaria;08906970960;VIA GIOVANNI ANTONIO AMADEO, 40;MILANO;;MI;15146;alta;20133;3;22;CITTA' STUDI;9.2347306;45.47096355;POINT (9.2347306 45.47096355)
2780;MUNICIPALE N.61;Ordinaria;01199250158;VIA RUGGERO BONGHI, 22;MILANO;;MI;15146;alta;20141;5;43;TIBALDI;9.18303299;45.44095015;POINT (9.18303299 45.44095015)
2964;CARNEVALE;Ordinaria;12670800155;VIA RAFFAELLO SANZIO, 2A;MILANO;;MI;15146;alta;20149;7;58;DE ANGELI - MONTE ROSA;9.15444048;45.46972806;POINT (9.15444048 45.46972806)
2918;DE LUCA SNC;Ordinaria;06759200964;VIA NINO BIXIO, 1;MILANO;;MI;15146;alta;20129;3;21;BUENOS AIRES - PORTA VENEZIA - PORTA MONFORTE;9.20675943;45.47197239;POINT (9.20675943 45.47197239)
2817;AMBROSIANA;Ordinaria;07210060153;VIALE REGINA GIOVANNA, 42;MILANO;;MI;15146;alta;20129;3;21;BUENOS AIRES - PORTA VENEZIA - PORTA MONFORTE;9.21439293;45.4730849;POINT (9.21439293 45.4730849)
2701;MELCHIORRE GIOIA;Ordinaria;05248820960;VIA MELCHIORRE GIOIA, 135;MILANO;;MI;15146;alta;20125;2;12;MACIACHINI - MAGGIOLINA;9.20636273;45.49419903;POINT (9.20636273 45.49419903)
2781;MUNICIPALE N.62;Ordinaria;01199250158;VIA ILLIRICO, 2;MILANO;;MI;15146;alta;20133;3;22;CITTA' STUDI;9.23244877;45.46859406;POINT (9.23244877 45.46859406)
2844;GIAMBELLINO;Ordinaria;09013310157;VIA GIAMBELLINO, 64;MILANO;;MI;15146;alta;20146;6;49;GIAMBELLINO;9.14453815;45.44941629;POINT (9.14453815 45.44941629)
2913;ALLA PORTA SNC DR. SARA MUSSETTA & C.;Ordinaria;05353530966;CORSO DI PORTA ROMANA, 126ANG.VIAVAINA;MILANO;;MI;15146;alta;20122;1;4;GUASTALLA;9.20077869;45.45302858;POINT (9.20077869 45.45302858)
2611;CONCORDIA - DR. PAPA;Ordinaria;03861090151;CORSO CONCORDIA, 16;MILANO;;MI;15146;alta;20129;4;26;XXII MARZO;9.21012282;45.46778451;POINT (9.21012282 45.46778451)
2987;SELINUNTE SAS;Ordinaria;08794770969;PIAZZALE SELINUNTE, 4;MILANO;;MI;15146;alta;20148;7;57;SAN SIRO;9.13797053;45.47171533;POINT (9.13797053 45.47171533)
2653;CALO' DEL DR CALO' DANTE;Ordinaria;09726360960;PIAZZALE GABRIO PIOLA, 1;MILANO;;MI;15146;alta;20131;3;21;BUENOS AIRES - PORTA VENEZIA - PORTA MONFORTE;9.22324419;45.47985944;POINT (9.22324419 45.47985944)
2700;SEMPIO DEI DR.I DANIELE SEMPIO E GIANANTONIO SEMPIO;Ordinaria;09699540960;VIA LUDOVICO MONTEGANI, 4;MILANO;;MI;15146;alta;20141;5;42;STADERA - CHIESA ROSSA - Q.RE TORRETTA - CONCA FALLATA;9.17823236;45.43709119;POINT (9.17823236 45.43709119)
2932;PORTICI;Ordinaria;11702960151;VIA LORENTEGGIO, 22;MILANO;;MI;15146;alta;20146;6;52;BANDE NERE;9.1490697;45.4540849;POINT (9.1490697 45.4540849)
2832;LAMPUGNANO;Ordinaria;08299490154;VIA GIULIO NATTA, 20;MILANO;;MI;15146;alta;20151;8;65;Q.RE GALLARATESE - Q.RE SAN LEONARDO - LAMPUGNANO;9.12050674;45.48889454;POINT (9.12050674 45.48889454)
2800;MUNICIPALE N.76;Ordinaria;13195220150;VIA DEI GUARNERI, 24;MILANO;;MI;15146;alta;20141;5;38;VIGENTINO - Q.RE FATIMA;9.20440655;45.4267452;POINT (9.20440655 45.4267452)
2981;ANTICA FARMACIA DI BRERA SAS DEL DR. STEFANO DANIESI & C.;Ordinaria;05824090962;VIA FIORI OSCURI, 13;MILANO;;MI;15146;alta;20121;1;2;BRERA;9.18922626;45.47256476;POINT (9.18922626 45.47256476)
2876;S. SPIRITO SNC DI DONATI MARIA LUISA E ALBERTOCCHI ROBERTO;Ordinaria;05989380968;VIALE MONZA, 325;MILANO;;MI;15146;alta;20126;2;16;GORLA - PRECOTTO;9.22560324;45.51845629;POINT (9.22560324 45.51845629)
2643;MAZZOLENI SNC;Ordinaria;01032660159;VIA NICOLA PICCINNI, 1/3;MILANO;;MI;15146;alta;20131;3;21;BUENOS AIRES - PORTA VENEZIA - PORTA MONFORTE;9.21429924;45.48305625;POINT (9.21429924 45.48305625)
3019;STAZIONE PORTA GENOVA SAS;Ordinaria;03759300969;VIA VIGEVANO, 45;MILANO;;MI;15146;alta;20144;6;44;PORTA TICINESE - CONCHETTA;9.170428;45.4532255;POINT (9.170428 45.4532255)
2740;LLOYDSFARMACIA MILANO N. 21;Ordinaria;13195220150;VIA GIAN RINALDO CARLI, 14;MILANO;;MI;15146;alta;20161;9;80;AFFORI;9.17123699;45.5209783;POINT (9.17123699 45.5209783)
2717;MUNICIPALE N.13;Ordinaria;01199250158;PIAZZA GEREMIA BONOMELLI, 4;MILANO;;MI;15146;alta;20139;4;35;LODI - CORVETTO;9.21387976;45.44114811;POINT (9.21387976 45.44114811)
2881;PRIMATICCIO 96;Ordinaria;06327200967;VIA FRANCESCO PRIMATICCIO, 96;MILANO;;MI;15146;alta;20147;6;52;BANDE NERE;9.13303963;45.45415092;POINT (9.13303963 45.45415092)
2972;FARMACIA SAN GUIDO - DR.SSA SILVANA TOSCHI;Ordinaria;13056950150;VIALE CARLO ESPINASSE, 172;MILANO;;MI;15146;alta;20156;8;71;VILLAPIZZONE - CAGNOLA - BOLDINASCO;9.13716361;45.5044492;POINT (9.13716361 45.5044492)
2776;MUNICIPALE N.14;Ordinaria;01199250158;VIA GRIGNA, 9;MILANO;;MI;15146;alta;20155;8;70;GHISOLFA;9.1566683;45.49327632;POINT (9.1566683 45.49327632)
2685;GARINO SAS DI PERRECA PATRIZIA & C.;Ordinaria;06922230962;VIA VINCENZO MONTI, 56;MILANO;;MI;15146;alta;20145;1;7;MAGENTA - S. VITTORE;9.16755954;45.47215482;POINT (9.16755954 45.47215482)
3008;DEL PARCO SNC;Ordinaria;03344490960;VIA PALMANOVA, 152;MILANO;;MI;15146;alta;20132;2;19;PADOVA - TURRO - CRESCENZAGO;9.24679125;45.50465915;POINT (9.24679125 45.50465915)
2749;MUNICIPALE N.41;Ordinaria;01199250158;VIALE GIOVANNI SUZZANI, 239;MILANO;;MI;15146;alta;20162;9;14;NIGUARDA - CA' GRANDA - PRATO CENTENARO - Q.RE FULVIO TESTI;9.20638623;45.52294259;POINT (9.20638623 45.52294259)
2950;CONI ZUGNA FARMA S.R.L.;Ordinaria;10376470968;VIALE CONI ZUGNA, 56;MILANO;;MI;15146;alta;20144;6;44;PORTA TICINESE - CONCHETTA;9.17064155;45.45632229;POINT (9.17064155 45.45632229)
2849;MALUGANI SAS DR. GASTALDI GIANCARLO & C.;Ordinaria;05528970964;VIA FRANCESCO PREDABISSI, 2;MILANO;;MI;15146;alta;20131;2;20;LORETO - CASORETTO - NOLO;9.22345074;45.48993687;POINT (9.22345074 45.48993687)
3013;QUAI DI QUAI ARDUINO GIOVANNI;Ordinaria;03610970968;VIA FRATELLI FRASCHINI, 8;MILANO;;MI;15146;alta;20142;5;41;GRATOSOGLIO - Q.RE MISSAGLIA - Q.RE TERRAZZE;9.17811444;45.41842847;POINT (9.17811444 45.41842847)
2667;SCARLATTI S.N.C.-DR.SSA CARENZI MAURIZIA & C.;Ordinaria;04997830155;VIA LUIGI SETTEMBRINI, 39;MILANO;;MI;15146;alta;20124;3;21;BUENOS AIRES - PORTA VENEZIA - PORTA MONFORTE;9.20797605;45.48366344;POINT (9.20797605 45.48366344)
2836;AFFORI DI DOTT. SPAGGIARI LUIGI WAIFER & C SAS;Ordinaria;05513770965;VIA ALESSANDRO ZANOLI, 3;MILANO;;MI;15146;alta;20161;9;80;AFFORI;9.17211859;45.51580051;POINT (9.17211859 45.51580051)
2886;ALZAIA PAVESE SAS DR. CRUPI NICOLA & C.;Ordinaria;04130990965;VIA MARIO PICHI, 9;MILANO;;MI;15146;alta;20143;6;44;PORTA TICINESE - CONCHETTA;9.17513296;45.44744446;POINT (9.17513296 45.44744446)
2813;PAOLO SARPI SNC DR. PIANA PIERO & C.;Ordinaria;05565080966;VIA PAOLO SARPI, 25;MILANO;;MI;15146;alta;20154;1;69;SARPI;9.1761912;45.48139905;POINT (9.1761912 45.48139905)
2945;REMOTTI;Ordinaria;11988310154;VIALE PREMUDA, 10;MILANO;;MI;15146;alta;20129;4;26;XXII MARZO;9.20758237;45.46339986;POINT (9.20758237 45.46339986)
2901;BORASI DI BORASI PAOLO & C. SAS;Ordinaria;05115780156;CORSO DI PORTA ROMANA, 68;MILANO;;MI;15146;alta;20122;1;5;PORTA VIGENTINA - PORTA LODOVICA;9.19423376;45.45704459;POINT (9.19423376 45.45704459)
18606;NOSTRA SIGNORA DI MONTALLEGRO;Ordinaria;01269050157;VIA BARI, 11/A;MILANO;;MI;15146;alta;20143;6;48;RONCHETTO SUL NAVIGLIO - Q.RE LODOVICO IL MORO;9.15009455;45.4391139;POINT (9.15009455 45.4391139)
2621;COOP.FARM.BAIAMONTI;Ordinaria;00774640155;PIAZZALE ANTONIO BAIAMONTI, 1;MILANO;;MI;15146;alta;20154;8;69;SARPI;9.18142664;45.48187999;POINT (9.18142664 45.48187999)
2660;SANT'AGOSTINO;Ordinaria;08972030962;VIA SAN VINCENZO, 1;MILANO;;MI;15146;alta;20123;1;7;MAGENTA - S. VITTORE;9.17749952;45.45891466;POINT (9.17749952 45.45891466)
2804;MUNICIPALE N.78;Ordinaria;01199250158;VIA GIAN CARLO SISMONDI, 67;MILANO;;MI;15146;alta;20133;4;25;CORSICA;9.23508169;45.46561614;POINT (9.23508169 45.46561614)
2854;CADDEO;Ordinaria;09290410159;VIALE ZARA, 38;MILANO;;MI;15146;alta;20124;2;11;ISOLA;9.19285211;45.49201927;POINT (9.19285211 45.49201927)
3000;LA PIAZZETTA DOTTORI VAZZANA FRANCESCA MANUELA & SALVATORE FOTI SNC;Ordinaria;13475660158;VIA SABATINO LOPEZ, 3;MILANO;;MI;15146;alta;20157;8;76;QUARTO OGGIARO - VIALBA - MUSOCCO;9.14497232;45.51540262;POINT (9.14497232 45.51540262000001)
2868;FARMACIA MONTI DOTT. ROSSI FEDERICO.;Ordinaria;;VIA LUIGI VARANINI, 19;MILANO;;MI;15146;alta;20127;2;20;LORETO - CASORETTO - NOLO;9.21616468;45.49308589;POINT (9.21616468 45.49308589)
2753;FERRARINI SNC DI VIGANO' SOFIA & C.;Ordinaria;04026870966;PIAZZA CINQUE GIORNATE, 6;MILANO;;MI;15146;alta;20129;1;4;GUASTALLA;9.20715689;45.46181865;POINT (9.207156890000002 45.46181865)
2636;TICINESE;Ordinaria;01660590157;CORSO SAN GOTTARDO, 1;MILANO;;MI;15146;alta;20123;5;6;PORTA TICINESE - CONCA DEL NAVIGLIO;9.18013163;45.45201934;POINT (9.18013163 45.45201934)
2772;MUNICIPALE N.48;Ordinaria;01199250158;VIALE ARUZZI,4;MILANO;;MI;15146;alta;20131;3;21;BUENOS AIRES - PORTA VENEZIA - PORTA MONFORTE;9.2173089;45.4743993;POINT (9.2173089 45.4743993)
2869;FARMACIA DELLA ROGGIA;Ordinaria;08267990961;VIALE TOSCANA, 17;MILANO;;MI;15146;alta;20136;5;5;PORTA VIGENTINA - PORTA LODOVICA;9.19513425;45.4462576;POINT (9.19513425 45.4462576)
3004;FARMACIA PROCACCINI S.R.L.;Ordinaria;03207930961;VIA PAOLO LOMAZZO, 44-ANG.VIAPROCACCINI28;MILANO;;MI;15146;alta;20154;8;69;SARPI;9.17058763;45.48365725;POINT (9.17058763 45.48365725)
3002;FARMACIA VAL DI SOLE DELLA DOTT.SSA TOSELLI ELENA;Ordinaria;01663790184;VIA VAL DI SOLE, 22;MILANO;;MI;15146;alta;20141;5;38;VIGENTINO - Q.RE FATIMA;9.20358277;45.42962783;POINT (9.20358277 45.42962783)
2604;PIMPINELLI;Ordinaria;03709730968;VIA ANTONIO ALDINI, 108;MILANO;;MI;15146;alta;20157;8;76;QUARTO OGGIARO - VIALBA - MUSOCCO;9.12921501;45.51114694;POINT (9.12921501 45.51114694)
2721;CATTANEO;Ordinaria;05665730965;VIALE SAN GIMIGNANO, 13/A;MILANO;;MI;15146;alta;20146;6;52;BANDE NERE;9.13606281;45.45635967;POINT (9.13606281 45.45635967)
2675;MUNICIPALE N.44;Ordinaria;01199250158;PIAZZA ROSA SCOLARI, 3;MILANO;;MI;15146;alta;20151;8;64;TRENNO;9.1009184;45.49044765;POINT (9.1009184 45.49044765)
2692;VENTRINI SNC DR.I BADO' BRUNO & C.;Ordinaria;05046640966;CORSO XXII MARZO, 23;MILANO;;MI;15146;alta;20129;4;26;XXII MARZO;9.21085824;45.46228415;POINT (9.21085824 45.46228415)
2908;ITALIA SNC;Ordinaria;10843300152;CORSO INDIPENDENZA, 14;MILANO;;MI;15146;alta;20129;4;26;XXII MARZO;9.21338925;45.46761798;POINT (9.21338925 45.46761798)
2840;MUNICIPALE N.84;Ordinaria;01199250158;VIA AGOSTINO DE PRETIS, 1;MILANO;;MI;15146;alta;20142;6;46;BARONA;9.15396123;45.43201197;POINT (9.15396123 45.43201197)
2656;ROSSETTO S.N.C. DR.SSA FRANCONE CRISTIANA & C.;Ordinaria;01186290159;PIAZZALE PAOLO GORINI, 14;MILANO;;MI;15146;alta;20133;3;22;CITTA' STUDI;9.23036765;45.4735663;POINT (9.23036765 45.4735663)
2789;MUNICIPALE N.67;Ordinaria;01199250158;VIA CASORETTO, 1;MILANO;;MI;15146;alta;20131;3;20;LORETO - CASORETTO - NOLO;9.22468091;45.48877149;POINT (9.22468091 45.48877149)
2955;FARMACIA DE POLI SAS-DR.SSA MARIACHIARA DE POLI & C.;Ordinaria;10320280968;VIALE LOMBARDIA, 65;MILANO;;MI;15146;alta;20131;3;20;LORETO - CASORETTO - NOLO;9.22357134;45.48609148;POINT (9.22357134 45.48609148)
2940;MEAZZA DI FIORINI SILVIA & C.SNC;Ordinaria;11978270152;VIA DELLE FORZE ARMATE, 4;MILANO;;MI;15146;alta;20146;7;52;BANDE NERE;9.13989715;45.46363998;POINT (9.13989715 45.46363998)
2863;DELL'ORSO GIANNONI MARIA RITA;Ordinaria;04939150969;VIA DELL' ORSO, 1;MILANO;;MI;15146;alta;20121;1;2;BRERA;9.18739734;45.46911516;POINT (9.18739734 45.46911516)
2708;MUNICIPALE N.4;Ordinaria;01199250158;VIA VOLVINIO, 25;MILANO;;MI;15146;alta;20141;5;42;STADERA - CHIESA ROSSA - Q.RE TORRETTA - CONCA FALLATA;9.18356819;45.4359684;POINT (9.18356819 45.4359684)
2808;CASARSA SNC DR.SSA STAFUZZA LUCIANA;Ordinaria;05322110965;VIA CASARSA DELLA DELIZIA, 13;MILANO;;MI;15146;alta;20161;9;83;BRUZZANO;9.17457624;45.52502795;POINT (9.17457624 45.52502795)
2996;SCALABRINI DOTT. ANTONIO CATTANEO;Ordinaria;09803120964;LARGO GIOVANNI BATTISTA SCALABRINI, 6;MILANO;;MI;15146;alta;20146;6;49;GIAMBELLINO;9.14111411;45.44994459;POINT (9.14111411 45.44994459)
2923;NUOVA INGANNI SNC DI GALLARATI MANUELA & C.;Ordinaria;03926990965;VIA ANGELO INGANNI, 81;MILANO;;MI;15146;alta;20147;6;53;LORENTEGGIO;9.12343595;45.45461149;POINT (9.12343595 45.45461149)
2874;LAGHI;Ordinaria;10224840156;VIALE CERTOSA, 282;MILANO;;MI;15146;alta;20156;8;72;MAGGIORE - MUSOCCO - CERTOSA;9.12515052;45.50218021;POINT (9.125150520000002 45.50218021)
2895;FARMACIA FIDUCIARIA MILANO 1907 S.R.L.;Ordinaria;10142390961;PIAZZA CAIAZZO, 2;MILANO;;MI;15146;alta;20124;3;21;BUENOS AIRES - PORTA VENEZIA - PORTA MONFORTE;9.2096716;45.48500994;POINT (9.209671600000002 45.48500994)
2732;MUNICIPALE N.12;Ordinaria;01199250158;VIA PRIVATA IGLESIAS, 48;MILANO;;MI;15146;bassa;20145;7;68;PAGANO;9.15933654;45.46819153;POINT (9.15933654 45.46819153)
2970;SUSA SAS DR. LIBERO BUCCARELLI & C.;Ordinaria;12376240151;PIAZZALE SUSA, 6;MILANO;;MI;15146;alta;20133;4;26;XXII MARZO;9.22358259;45.46754933;POINT (9.22358259 45.46754933)
2615;COOP.FARM.PONTACCIO;Ordinaria;00774640155;VIA PONTACCIO, 22;MILANO;;MI;15146;alta;20121;1;2;BRERA;9.1839362;45.47210082;POINT (9.1839362 45.47210082)
2848;INTERNAZIONALE;Ordinaria;07144180960;VIA CARLO MATTEUCCI, 4;MILANO;;MI;15146;alta;20129;3;21;BUENOS AIRES - PORTA VENEZIA - PORTA MONFORTE;9.2167575;45.4812014;POINT (9.2167575 45.4812014)
2757;CANOSSA DEL DR. FERRARESI RICCARDO;Ordinaria;07065570967;CORSO SEMPIONE, 67;MILANO;;MI;15146;alta;20149;8;67;PORTELLO;9.16036193;45.48433602;POINT (9.16036193 45.48433602)
2624;FARMACIA F.LLI STILO CAIROLI S.A.S. DEL DOTT. STILO DOMENICO & C.;Ordinaria;09145070968;VIA SAN GIOVANNI SUL MURO, 9;MILANO;;MI;15146;alta;20121;1;1;DUOMO;9.18133203;45.46678402;POINT (9.18133203 45.46678402)
2725;FARMACIA DI BARNI MARZIO;Ordinaria;05322260968;VIA FRATELLI LUMIERE, 2;MILANO;;MI;15146;alta;20127;2;20;LORETO - CASORETTO - NOLO;9.21286276;45.49114028;POINT (9.21286276 45.49114028)
2906;MOIZIO SNC;Ordinaria;07355590964;CORSO XXII MARZO, 37;MILANO;;MI;15146;alta;20129;4;26;XXII MARZO;9.21755524;45.4622697;POINT (9.217555240000001 45.4622697)
2652;PICCHIOTTI;Ordinaria;00427210158;VIALE AFFORI, 10;MILANO;;MI;15146;alta;20161;9;80;AFFORI;9.17140618;45.51710521;POINT (9.17140618 45.51710521)
2796;COMUNALE 73;Ordinaria;13195220150;VIA ANGELO INGANNI, 40;MILANO;;MI;15146;alta;20147;6;53;LORENTEGGIO;9.12574547;45.45117885;POINT (9.12574547 45.45117885)
2912;FARMACIA ABRUZZI 23;Ordinaria;06699680960;VIA CAIO SECONDO PLINIO, 46;MILANO;;MI;15146;alta;20129;3;21;BUENOS AIRES - PORTA VENEZIA - PORTA MONFORTE;9.21795315;45.47645674;POINT (9.21795315 45.47645674)
2688;ORIO SNC;Ordinaria;07830220963;PIAZZA VI FEBBRAIO, 16;MILANO;;MI;15146;alta;20145;8;68;PAGANO;9.16130068;45.47775707;POINT (9.16130068 45.47775707)
2821;COMINA SAS;Ordinaria;05905960968;VIA DELLE ANDE, 5;MILANO;;MI;15146;alta;20151;8;65;Q.RE GALLARATESE - Q.RE SAN LEONARDO - LAMPUGNANO;9.1248529;45.49443251;POINT (9.1248529 45.49443251)
2828;OLMETTO;Ordinaria;04603400963;VIA OLMETTO, 21;MILANO;;MI;15146;alta;20123;1;1;DUOMO;9.18473968;45.45886107;POINT (9.18473968 45.45886107)
2712;MUNICIPALE N.11;Ordinaria;01199250158;VIA LIVIGNO, 6/B;MILANO;;MI;15146;alta;20158;9;79;DERGANO;9.17905725;45.4982077;POINT (9.17905725 45.4982077)
2944;TOMMASEO SAS;Ordinaria;06384400963;VIA LORENZO MASCHERONI, 16;MILANO;;MI;15146;alta;20145;1;68;PAGANO;9.1655576;45.46984975;POINT (9.1655576 45.46984975)
2938;AL PORTELLO SNC DI ALBERTO PAIANI E MICAELA CLEMENTE;Ordinaria;05858450967;VIA GROSOTTO, 5-ANGOLOVIATRAIANO;MILANO;;MI;15146;alta;20149;8;71;VILLAPIZZONE - CAGNOLA - BOLDINASCO;9.14712879;45.49125768;POINT (9.14712879 45.49125768)
2917;RIPAMONTI;Ordinaria;12020110156;VIA GIUSEPPE RIPAMONTI, 15;MILANO;;MI;15146;alta;20136;5;5;PORTA VIGENTINA - PORTA LODOVICA;9.19734119;45.44899705;POINT (9.19734119 45.44899705)
2991;FARMACIA MANCA S.N.C. DEL DR. MARCO MANCA & C.;Ordinaria;13266660151;VIA GIACINTO SERRATI MENOTTI, 12;MILANO;;MI;15146;alta;20138;4;31;MONLUE' - PONTE LAMBRO;9.2635565;45.44188345;POINT (9.263556500000002 45.44188345)
2859;TADINI;Ordinaria;09549510155;PIAZZA DEL TRICOLORE, 2;MILANO;;MI;15146;alta;20129;1;4;GUASTALLA;9.20618019;45.46764673;POINT (9.20618019 45.46764673)
2959;HUMANITAS SNC;Ordinaria;12588160155;VIA FABIO FILZI, 10;MILANO;;MI;15146;alta;20124;2;10;STAZIONE CENTRALE - PONTE SEVESO;9.19944069;45.48300478;POINT (9.19944069 45.48300478)
2679;BERTOLINI DISMO;Ordinaria;08893370968;VIA MICHELE SAPONARO, 34;MILANO;;MI;15146;alta;20142;5;41;GRATOSOGLIO - Q.RE MISSAGLIA - Q.RE TERRAZZE;9.17435788;45.4070288;POINT (9.174357880000002 45.4070288)
2891;FARMACIA CERTOSA S.A.S.;Ordinaria;10704850154;VIALE CERTOSA, 121;MILANO;;MI;15146;alta;20151;8;71;VILLAPIZZONE - CAGNOLA - BOLDINASCO;9.14015403;45.4950626;POINT (9.140154030000001 45.4950626)
2880;SEGRE DELLA DR.SSA DEBORAH SEGRE;Ordinaria;07475020967;VIA FRANCESCO PRIMATICCIO, 217;MILANO;;MI;15146;alta;20147;7;52;BANDE NERE;9.12800549;45.46292349;POINT (9.12800549 45.46292349)
2927;FARMACIA BOIFAVA S.R.L.;Ordinaria;10698600151;VIA PIETRO BOIFAVA, 31/B;MILANO;;MI;15146;alta;20142;5;42;STADERA - CHIESA ROSSA - Q.RE TORRETTA - CONCA FALLATA;9.17304861;45.42586947;POINT (9.17304861 45.42586947)
2744;MUNICIPALE N.36;Ordinaria;01199250158;VIA NIKOLAJEVKA, 3;MILANO;;MI;15146;alta;20152;7;56;FORZE ARMATE;9.1061729;45.45792466;POINT (9.1061729 45.45792466)
2596;ANTICA FARMACIA DELL'ABBAZIA DI CHIARAVALLE SNC;Ordinaria;07712200968;VIA COMACCHIO, 4;MILANO;;MI;15146;alta;20139;4;35;LODI - CORVETTO;9.218584;45.43742429;POINT (9.218584 45.43742429)
2976;FARMACIA FULVIO TESTI FARMA ACQUISITION S.R.L.;Ordinaria;02489000998;VIALE FULVIO TESTI, 90;MILANO;;MI;15146;alta;20126;9;15;BICOCCA;9.20424244;45.51219009;POINT (9.20424244 45.51219009)
2647;MINERVA SNC DR. SERGENT MARCEAU LUDOVICO & C.;Ordinaria;08923090966;VIA CREMA, 17;MILANO;;MI;15146;alta;20135;5;27;PTA ROMANA;9.20267091;45.44886574;POINT (9.20267091 45.44886574)
2764;AZIENDA FARMACIE MILANESI SPA O SOLO A.F.M. S.P.A.;Ordinaria;13195220150;VIA ETTORE PONTI;MILANO;;MI;15146;alta;20143;6;45;MONCUCCO - SAN CRISTOFORO;9.15869924;45.44325377;POINT (9.15869924 45.44325377)
3009;CA' GRANDA;Ordinaria;11485280967;VIA MICHELE DE ANGELIS, 15;MILANO;;MI;15146;alta;20162;9;14;NIGUARDA - CA' GRANDA - PRATO CENTENARO - Q.RE FULVIO TESTI;9.19325905;45.50689599;POINT (9.19325905 45.50689599)
2628;TOLSTOJ DI DR. HASSAN SANDRO;Ordinaria;09287610969;VIA LEONE TOLSTOI, 17;MILANO;;MI;15146;alta;20146;6;49;GIAMBELLINO;9.15090693;45.45127712;POINT (9.15090693 45.45127712)
2977;PESENTI SNC;Ordinaria;13066510150;VIA IGNAZIO CIAIA, 3/A-3/B;MILANO;;MI;15146;alta;20158;9;79;DERGANO;9.17602898;45.50217848;POINT (9.17602898 45.50217848)
